CREATE TABLE IF NOT EXISTS "django_migrations" ("id" integer NOT NULL PRIMARY KEY , "app" varchar(255) NOT NULL, "name" varchar(255) NOT NULL, "applied" datetime NOT NULL);
INSERT INTO django_migrations VALUES(1,'contenttypes','0001_initial','2025-06-23 11:06:31.558679');
INSERT INTO django_migrations VALUES(2,'contenttypes','0002_remove_content_type_name','2025-06-23 11:06:31.584250');
INSERT INTO django_migrations VALUES(3,'auth','0001_initial','2025-06-23 11:06:43.058521');
INSERT INTO django_migrations VALUES(4,'auth','0002_alter_permission_name_max_length','2025-06-23 11:06:43.077531');
INSERT INTO django_migrations VALUES(5,'auth','0003_alter_user_email_max_length','2025-06-23 11:06:43.089733');
INSERT INTO django_migrations VALUES(6,'auth','0004_alter_user_username_opts','2025-06-23 11:06:43.101744');
INSERT INTO django_migrations VALUES(7,'auth','0005_alter_user_last_login_null','2025-06-23 11:06:43.115754');
INSERT INTO django_migrations VALUES(8,'auth','0006_require_contenttypes_0002','2025-06-23 11:06:43.124281');
INSERT INTO django_migrations VALUES(9,'auth','0007_alter_validators_add_error_messages','2025-06-23 11:06:43.139277');
INSERT INTO django_migrations VALUES(10,'auth','0008_alter_user_username_max_length','2025-06-23 11:06:43.151291');
INSERT INTO django_migrations VALUES(11,'auth','0009_alter_user_last_name_max_length','2025-06-23 11:06:43.164458');
INSERT INTO django_migrations VALUES(12,'auth','0010_alter_group_name_max_length','2025-06-23 11:06:43.181661');
INSERT INTO django_migrations VALUES(13,'auth','0011_update_proxy_permissions','2025-06-23 11:06:43.192767');
INSERT INTO django_migrations VALUES(14,'auth','0012_alter_user_first_name_max_length','2025-06-23 11:06:43.206953');
INSERT INTO django_migrations VALUES(19,'sessions','0001_initial','2025-06-23 11:07:11.389759');
INSERT INTO django_migrations VALUES(30,'mentalhealth','0002_alter_customuser_options_alter_customuser_managers_and_more','2025-06-28 01:32:41.524405');
INSERT INTO django_migrations VALUES(31,'mentalhealth','0003_alter_customuser_email_and_more','2025-06-28 01:32:41.569134');
INSERT INTO django_migrations VALUES(32,'mentalhealth','0004_alter_dassresult_answers_and_more','2025-06-28 01:32:41.685415');
INSERT INTO django_migrations VALUES(33,'mentalhealth','0001_initial','2025-06-28 01:38:30.181711');
INSERT INTO django_migrations VALUES(34,'admin','0001_initial','2025-06-28 01:38:30.207122');
INSERT INTO django_migrations VALUES(35,'admin','0002_logentry_remove_auto_add','2025-06-28 01:38:30.239780');
INSERT INTO django_migrations VALUES(36,'admin','0003_logentry_add_action_flag_choices','2025-06-28 01:38:30.264118');
INSERT INTO django_migrations VALUES(37,'mentalhealth','0003_add_counselor_foreign_key','2025-06-28 01:43:19.551655');
INSERT INTO django_migrations VALUES(38,'mentalhealth','0002_convert_counselors','2025-06-28 01:43:19.567983');
INSERT INTO django_migrations VALUES(39,'mentalhealth','0004_merge_20250628_0943','2025-06-28 01:43:19.578972');
INSERT INTO django_migrations VALUES(40,'mentalhealth','0005_convert_counselor_data','2025-06-28 01:53:37.856904');
INSERT INTO django_migrations VALUES(41,'mentalhealth','0006_set_default_counselor','2025-06-28 01:57:15.634846');
INSERT INTO django_migrations VALUES(42,'mentalhealth','0007_alter_appointment_counselor','2025-06-28 01:57:15.684540');
INSERT INTO django_migrations VALUES(43,'mentalhealth','0008_counselor_email','2025-06-28 09:10:36.559679');
INSERT INTO django_migrations VALUES(44,'mentalhealth','0009_appointment_cancelled_at','2025-07-03 02:08:46.721044');
INSERT INTO django_migrations VALUES(45,'mentalhealth','0010_customuser_counselor_profile_and_more','2025-07-06 02:40:38.100977');
INSERT INTO django_migrations VALUES(46,'mentalhealth','0011_remove_customuser_counselor_profile_counselor_user','2025-07-08 00:33:04.776121');
INSERT INTO django_migrations VALUES(47,'mentalhealth','0012_appointment_notes_report','2025-07-10 01:19:42.621625');
INSERT INTO django_migrations VALUES(48,'mentalhealth','0013_remove_counselor_available_times_and_more','2025-07-16 00:30:59.680864');
INSERT INTO django_migrations VALUES(49,'mentalhealth','0014_add_day_schedules','2025-07-16 01:00:25.225905');
INSERT INTO django_migrations VALUES(50,'mentalhealth','0015_report_user','2025-07-16 01:13:20.718600');
INSERT INTO django_migrations VALUES(51,'mentalhealth','0016_alter_report_status','2025-07-16 04:45:59.113598');
INSERT INTO django_migrations VALUES(52,'mentalhealth','0017_report_appointment','2025-07-16 13:22:00.730518');
INSERT INTO django_migrations VALUES(53,'mentalhealth','0018_notification','2025-07-19 00:01:24.203313');
INSERT INTO django_migrations VALUES(54,'mentalhealth','0019_alter_notification_options_feedback','2025-07-19 02:57:39.479441');
INSERT INTO django_migrations VALUES(55,'mentalhealth','0020_customuser_profile_picture','2025-07-19 03:49:51.172141');
INSERT INTO django_migrations VALUES(56,'mentalhealth','0021_appointment_session_type_livesession_sessionmessage_and_more','2025-07-19 11:28:36.012653');
INSERT INTO django_migrations VALUES(57,'mentalhealth','0022_appointment_video_call_url','2025-07-19 11:33:09.942814');
INSERT INTO django_migrations VALUES(58,'mentalhealth','0023_enhance_notifications','2025-09-02 00:46:09.590446');
CREATE TABLE IF NOT EXISTS "django_content_type" ("id" integer NOT NULL PRIMARY KEY , "app_label" varchar(100) NOT NULL, "model" varchar(100) NOT NULL);
INSERT INTO django_content_type VALUES(1,'contenttypes','contenttype');
INSERT INTO django_content_type VALUES(2,'auth','permission');
INSERT INTO django_content_type VALUES(3,'auth','group');
INSERT INTO django_content_type VALUES(4,'admin','logentry');
INSERT INTO django_content_type VALUES(5,'mentalhealth','customuser');
INSERT INTO django_content_type VALUES(6,'mentalhealth','dassresult');
INSERT INTO django_content_type VALUES(7,'mentalhealth','relaxationlog');
INSERT INTO django_content_type VALUES(8,'sessions','session');
INSERT INTO django_content_type VALUES(9,'mentalhealth','counselor');
INSERT INTO django_content_type VALUES(10,'mentalhealth','appointment');
INSERT INTO django_content_type VALUES(11,'mentalhealth','report');
INSERT INTO django_content_type VALUES(12,'mentalhealth','notification');
INSERT INTO django_content_type VALUES(13,'mentalhealth','feedback');
INSERT INTO django_content_type VALUES(14,'mentalhealth','livesession');
INSERT INTO django_content_type VALUES(15,'mentalhealth','sessionmessage');
INSERT INTO django_content_type VALUES(16,'mentalhealth','sessionparticipant');
CREATE TABLE IF NOT EXISTS "auth_group_permissions" ("id" integer NOT NULL PRIMARY KEY , "group_id" integer NOT NULL REFERENCES "auth_group" ("id") DEFERRABLE INITIALLY DEFERRED, "permission_id" integer NOT NULL REFERENCES "auth_permission" ("id") DEFERRABLE INITIALLY DEFERRED);
CREATE TABLE IF NOT EXISTS "auth_permission" ("id" integer NOT NULL PRIMARY KEY , "content_type_id" integer NOT NULL REFERENCES "django_content_type" ("id") DEFERRABLE INITIALLY DEFERRED, "codename" varchar(100) NOT NULL, "name" varchar(255) NOT NULL);
INSERT INTO auth_permission VALUES(1,2,'add_permission','Can add permission');
INSERT INTO auth_permission VALUES(2,2,'change_permission','Can change permission');
INSERT INTO auth_permission VALUES(3,2,'delete_permission','Can delete permission');
INSERT INTO auth_permission VALUES(4,2,'view_permission','Can view permission');
INSERT INTO auth_permission VALUES(5,3,'add_group','Can add group');
INSERT INTO auth_permission VALUES(6,3,'change_group','Can change group');
INSERT INTO auth_permission VALUES(7,3,'delete_group','Can delete group');
INSERT INTO auth_permission VALUES(8,3,'view_group','Can view group');
INSERT INTO auth_permission VALUES(9,1,'add_contenttype','Can add content type');
INSERT INTO auth_permission VALUES(10,1,'change_contenttype','Can change content type');
INSERT INTO auth_permission VALUES(11,1,'delete_contenttype','Can delete content type');
INSERT INTO auth_permission VALUES(12,1,'view_contenttype','Can view content type');
INSERT INTO auth_permission VALUES(13,4,'add_logentry','Can add log entry');
INSERT INTO auth_permission VALUES(14,4,'change_logentry','Can change log entry');
INSERT INTO auth_permission VALUES(15,4,'delete_logentry','Can delete log entry');
INSERT INTO auth_permission VALUES(16,4,'view_logentry','Can view log entry');
INSERT INTO auth_permission VALUES(17,5,'add_customuser','Can add custom user');
INSERT INTO auth_permission VALUES(18,5,'change_customuser','Can change custom user');
INSERT INTO auth_permission VALUES(19,5,'delete_customuser','Can delete custom user');
INSERT INTO auth_permission VALUES(20,5,'view_customuser','Can view custom user');
INSERT INTO auth_permission VALUES(21,6,'add_dassresult','Can add dass result');
INSERT INTO auth_permission VALUES(22,6,'change_dassresult','Can change dass result');
INSERT INTO auth_permission VALUES(23,6,'delete_dassresult','Can delete dass result');
INSERT INTO auth_permission VALUES(24,6,'view_dassresult','Can view dass result');
INSERT INTO auth_permission VALUES(25,7,'add_relaxationlog','Can add relaxation log');
INSERT INTO auth_permission VALUES(26,7,'change_relaxationlog','Can change relaxation log');
INSERT INTO auth_permission VALUES(27,7,'delete_relaxationlog','Can delete relaxation log');
INSERT INTO auth_permission VALUES(28,7,'view_relaxationlog','Can view relaxation log');
INSERT INTO auth_permission VALUES(29,8,'add_session','Can add session');
INSERT INTO auth_permission VALUES(30,8,'change_session','Can change session');
INSERT INTO auth_permission VALUES(31,8,'delete_session','Can delete session');
INSERT INTO auth_permission VALUES(32,8,'view_session','Can view session');
INSERT INTO auth_permission VALUES(33,9,'add_counselor','Can add counselor');
INSERT INTO auth_permission VALUES(34,9,'change_counselor','Can change counselor');
INSERT INTO auth_permission VALUES(35,9,'delete_counselor','Can delete counselor');
INSERT INTO auth_permission VALUES(36,9,'view_counselor','Can view counselor');
INSERT INTO auth_permission VALUES(37,10,'add_appointment','Can add appointment');
INSERT INTO auth_permission VALUES(38,10,'change_appointment','Can change appointment');
INSERT INTO auth_permission VALUES(39,10,'delete_appointment','Can delete appointment');
INSERT INTO auth_permission VALUES(40,10,'view_appointment','Can view appointment');
INSERT INTO auth_permission VALUES(41,11,'add_report','Can add report');
INSERT INTO auth_permission VALUES(42,11,'change_report','Can change report');
INSERT INTO auth_permission VALUES(43,11,'delete_report','Can delete report');
INSERT INTO auth_permission VALUES(44,11,'view_report','Can view report');
INSERT INTO auth_permission VALUES(45,12,'add_notification','Can add notification');
INSERT INTO auth_permission VALUES(46,12,'change_notification','Can change notification');
INSERT INTO auth_permission VALUES(47,12,'delete_notification','Can delete notification');
INSERT INTO auth_permission VALUES(48,12,'view_notification','Can view notification');
INSERT INTO auth_permission VALUES(49,13,'add_feedback','Can add feedback');
INSERT INTO auth_permission VALUES(50,13,'change_feedback','Can change feedback');
INSERT INTO auth_permission VALUES(51,13,'delete_feedback','Can delete feedback');
INSERT INTO auth_permission VALUES(52,13,'view_feedback','Can view feedback');
INSERT INTO auth_permission VALUES(53,14,'add_livesession','Can add live session');
INSERT INTO auth_permission VALUES(54,14,'change_livesession','Can change live session');
INSERT INTO auth_permission VALUES(55,14,'delete_livesession','Can delete live session');
INSERT INTO auth_permission VALUES(56,14,'view_livesession','Can view live session');
INSERT INTO auth_permission VALUES(57,15,'add_sessionmessage','Can add session message');
INSERT INTO auth_permission VALUES(58,15,'change_sessionmessage','Can change session message');
INSERT INTO auth_permission VALUES(59,15,'delete_sessionmessage','Can delete session message');
INSERT INTO auth_permission VALUES(60,15,'view_sessionmessage','Can view session message');
INSERT INTO auth_permission VALUES(61,16,'add_sessionparticipant','Can add session participant');
INSERT INTO auth_permission VALUES(62,16,'change_sessionparticipant','Can change session participant');
INSERT INTO auth_permission VALUES(63,16,'delete_sessionparticipant','Can delete session participant');
INSERT INTO auth_permission VALUES(64,16,'view_sessionparticipant','Can view session participant');
CREATE TABLE IF NOT EXISTS "auth_group" ("id" integer NOT NULL PRIMARY KEY , "name" varchar(150) NOT NULL UNIQUE);
CREATE TABLE IF NOT EXISTS "custom_user_groups" ("id" integer NOT NULL PRIMARY KEY , "customuser_id" bigint NOT NULL REFERENCES "custom_user" ("id") DEFERRABLE INITIALLY DEFERRED, "group_id" integer NOT NULL REFERENCES "auth_group" ("id") DEFERRABLE INITIALLY DEFERRED);
CREATE TABLE IF NOT EXISTS "custom_user_user_permissions" ("id" integer NOT NULL PRIMARY KEY , "customuser_id" bigint NOT NULL REFERENCES "custom_user" ("id") DEFERRABLE INITIALLY DEFERRED, "permission_id" integer NOT NULL REFERENCES "auth_permission" ("id") DEFERRABLE INITIALLY DEFERRED);
CREATE TABLE IF NOT EXISTS "mentalhealth_relaxationlog" ("id" integer NOT NULL PRIMARY KEY , "exercise_type" varchar(100) NOT NULL, "duration_seconds" integer unsigned NOT NULL CHECK ("duration_seconds" >= 0), "timestamp" datetime NOT NULL, "user_id" bigint NOT NULL REFERENCES "custom_user" ("id") DEFERRABLE INITIALLY DEFERRED);
CREATE TABLE IF NOT EXISTS "django_session" ("session_key" varchar(40) NOT NULL PRIMARY KEY, "session_data" text NOT NULL, "expire_date" datetime NOT NULL);
INSERT INTO django_session VALUES('kenzrvhlhnyiom5e05m8wsob1yythevs','.eJxVjMsOwiAQRf-FtSFAecy4dO83EDoMUjU0Ke3K-O_apAvd3nPOfYmYtrXGrfMSpyzOQovT7zYmenDbQb6ndpslzW1dplHuijxol9c58_NyuH8HNfX6rQcgQFAWoHBBNJqZfGYdFHCxGSEXldgMFEzxAQwG1p6sU46MR0fi_QHirjel:1uTfvM:uH-8qwzVn7EC0SmRV0aRfcxpDZ-DuPIuVWD2qJcbHmA','2025-07-07 12:05:20.403574');
INSERT INTO django_session VALUES('x1sygoa18r5ptgqo1enh6wmhlo637m64','.eJxVjEEOwiAQAP_C2ZCFgpQevfsGAuxiUQOmtInG-HdD0oNeZybzZs5v6-y2RovLyCYmB3b4hcHHG5Vu8OrLpfJYy7rkwHvCd9v4uSLdT3v7N5h9m_vXCG21hYSBkgWvgAwqZY0GP0AYEoC2o9FijAGTsAKNkUdQUsYopBZ92qi1XIuj5yMvLzbB5wt7aj4b:1uUF0D:r4MaoPyjJ-wysHBVnwTZiXddyCOjSFZxo0CjL-5HIQI','2025-07-09 01:32:41.115212');
INSERT INTO django_session VALUES('gc7t88hjtu7quwhggljn7fb1jtj40zbe','.eJxVjMEOwiAQBf-FsyFsCwV69O43EFgWixowpU00xn_XJj3o9c28eTHn12Vya6PZ5chG1ml2-B2DxyuVjcSLL-fKsZZlzoFvCt9p46ca6Xbc3b_A5Nv0fUuVwCJ1nbEDYiKrDIKiBACWlJaAWqiQeiVSb4O1wXiEKI0EDX6IYos2ai3X4uhxz_OTjeL9AahTPvc:1uV6CX:Cig9M-ALpsPzIasY5WuPoC4fCYRTbNaHFEH7US4es8Q','2025-07-11 10:20:57.296225');
INSERT INTO django_session VALUES('izyb8hw70437nqeig3fnkzvceqmr6dkm','.eJxVjEEOwiAQAP_C2ZCFgpQevfsGAuxiUQOmtInG-HdD0oNeZybzZs5v6-y2RovLyCYmB3b4hcHHG5Vu8OrLpfJYy7rkwHvCd9v4uSLdT3v7N5h9m_vXCG21hYSBkgWvgAwqZY0GP0AYEoC2o9FijAGTsAKNkUdQUsYopBZ92qi1XIuj5yMvLzbB5wt7aj4b:1uV7eS:8HP6UxHN0p9AMI-EG5tAOVk9vXrercbAWLgAYw0Chfg','2025-07-11 11:53:52.064893');
INSERT INTO django_session VALUES('9kdylvroua437j7k8utjaijmojx3k1gq','e30:1uV854:ncSG05T4TeO1QxXAy2PEo4h2tUQ2Dq12t9kmC7MZNWw','2025-07-11 12:21:22.846191');
INSERT INTO django_session VALUES('vgfvp5m0tr01laodfjwea8rcik3xbww9','e30:1uV85N:O5OsxWGZ1cB_yV9QWiuKd_-psSiZl9DTiB2rsQdx-f4','2025-07-11 12:21:41.019632');
INSERT INTO django_session VALUES('0vycft15xqce5hp4vhb9j78sdkatru9e','e30:1uV8En:g2roeEQHxsP4KiX9BXP0VaY8fiZIrStboJJxzekIOcs','2025-07-11 12:31:25.494790');
INSERT INTO django_session VALUES('honzc30y6jt0yd0cz89i5zm5zs87sjpv','e30:1uV8I9:TQsOksEKVmIIh45nvz2fLO-4fSPUamFFILhPw6rmojg','2025-07-11 12:34:53.462709');
INSERT INTO django_session VALUES('t6bq5470z2h6495e5het8cqkdc1p18c4','.eJxVjMEOwiAQBf-FsyFAKSw9evcbCF0WixowpU00xn_XJj3o9c28eTEf1mXya6PZ58gGJtnhdxsDXqlsIF5COVeOtSxzHvmm8J02fqqRbsfd_QtMoU3fdwcIDoQGSJScU5IITSRpBVDS0UFMIpDq0KpkLChnSRrUvehRGdfjFm3UWq7F0-Oe5ycbxPsDheg-4g:1uVLH7:5FZXct0E-TVTpeBvjMRBOJO0fkoVIpv1AuL1MRGsYkU','2025-07-12 02:26:41.891166');
INSERT INTO django_session VALUES('atrbaa3w4w6diufphid06npypzviapma','.eJxVjMEOwiAQBf-FsyFAKSw9evcbCF0WixowpU00xn_XJj3o9c28eTEf1mXya6PZ58gGJtnhdxsDXqlsIF5COVeOtSxzHvmm8J02fqqRbsfd_QtMoU3fdwcIDoQGSJScU5IITSRpBVDS0UFMIpDq0KpkLChnSRrUvehRGdfjFm3UWq7F0-Oe5ycbxPsDheg-4g:1uVRcf:PjdDtqB2EYOGgCOcf4gOOTTtCZi4Cem595MH2FyV7cM','2025-07-12 09:13:21.287804');
INSERT INTO django_session VALUES('5s60jbx230t7qinm3pk1pjkkbaagqurx','.eJxVjEEOwiAQAP_C2ZCFgpQevfsGAuxiUQOmtInG-HdD0oNeZybzZs5v6-y2RovLyCYmB3b4hcHHG5Vu8OrLpfJYy7rkwHvCd9v4uSLdT3v7N5h9m_vXCG21hYSBkgWvgAwqZY0GP0AYEoC2o9FijAGTsAKNkUdQUsYopBZ92qi1XIuj5yMvLzbB5wt7aj4b:1uVhVi:b4hQQ8-BkA5nJntRNSkTGdH_QvAe1JJjMCgpBSsasHk','2025-07-13 02:11:14.374072');
INSERT INTO django_session VALUES('rwglv47p4h2245vx2kxc960z8f7lkwds','.eJxVjEEOwiAQAP_C2ZCFgpQevfsGAuxiUQOmtInG-HdD0oNeZybzZs5v6-y2RovLyCYmB3b4hcHHG5Vu8OrLpfJYy7rkwHvCd9v4uSLdT3v7N5h9m_vXCG21hYSBkgWvgAwqZY0GP0AYEoC2o9FijAGTsAKNkUdQUsYopBZ92qi1XIuj5yMvLzbB5wt7aj4b:1uX8yx:c_rn0wRE1dNuSJ6QBexXdPd3GVbTP6_AHDHnWduwAkY','2025-07-17 01:43:23.752520');
INSERT INTO django_session VALUES('kmo2vr42l7kc9ub549vo0d4u7jjk37pi','.eJxVjMEOwiAQBf-FsyFAKSw9evcbCF0WixowpU00xn_XJj3o9c28eTEf1mXya6PZ58gGJtnhdxsDXqlsIF5COVeOtSxzHvmm8J02fqqRbsfd_QtMoU3fdwcIDoQGSJScU5IITSRpBVDS0UFMIpDq0KpkLChnSRrUvehRGdfjFm3UWq7F0-Oe5ycbxPsDheg-4g:1uXAAj:JNZ72BGABTDjMXc-Gxdf7ll9OR4qrw05365UUTmWjtE','2025-07-17 02:59:37.611427');
INSERT INTO django_session VALUES('uvryftcoi6q65w782bcg9jto9uii1rw7','.eJxVjEEOwiAQAP_C2ZCFgpQevfsGAuxiUQOmtInG-HdD0oNeZybzZs5v6-y2RovLyCYmB3b4hcHHG5Vu8OrLpfJYy7rkwHvCd9v4uSLdT3v7N5h9m_vXCG21hYSBkgWvgAwqZY0GP0AYEoC2o9FijAGTsAKNkUdQUsYopBZ92qi1XIuj5yMvLzbB5wt7aj4b:1uYDUE:SaCpCg9c9-3dfUi3JGfyfHGagQRGmJtcgDhuzwWGD-U','2025-07-20 00:44:06.817158');
INSERT INTO django_session VALUES('nctelbdg0w68bra5gekmpf95x211rvoj','.eJxVjMEOwiAQBf-FsyFAKSw9evcbCF0WixowpU00xn_XJj3o9c28eTEf1mXya6PZ58gGJtnhdxsDXqlsIF5COVeOtSxzHvmm8J02fqqRbsfd_QtMoU3fdwcIDoQGSJScU5IITSRpBVDS0UFMIpDq0KpkLChnSRrUvehRGdfjFm3UWq7F0-Oe5ycbxPsDheg-4g:1uYF9v:1ilNBVMI6832JjohvglVeGLoK6vng1ViRjt1MCfsyOU','2025-07-20 02:31:15.319381');
INSERT INTO django_session VALUES('k66mjpfmpfdk01xb4kddx6vsmk2m1o4n','.eJxVjMEOwiAQBf-FsyFAKSw9evcbCF0WixowpU00xn_XJj3o9c28eTEf1mXya6PZ58gGJtnhdxsDXqlsIF5COVeOtSxzHvmm8J02fqqRbsfd_QtMoU3fdwcIDoQGSJScU5IITSRpBVDS0UFMIpDq0KpkLChnSRrUvehRGdfjFm3UWq7F0-Oe5ycbxPsDheg-4g:1uYGkd:DweRELIdpQJJGDu00P8g8Iu6t3xJZwaC5IAjbUGRQ4s','2025-07-20 04:13:15.138206');
INSERT INTO django_session VALUES('ag1zhles051y9rcevy9rtmiznwtcvmmg','.eJxVjMEOwiAQBf-FsyFAKSw9evcbCF0WixowpU00xn_XJj3o9c28eTEf1mXya6PZ58gGJtnhdxsDXqlsIF5COVeOtSxzHvmm8J02fqqRbsfd_QtMoU3fdwcIDoQGSJScU5IITSRpBVDS0UFMIpDq0KpkLChnSRrUvehRGdfjFm3UWq7F0-Oe5ycbxPsDheg-4g:1uYcJC:tLrWuezdAno-S4Qzj28fDh2hPKVX8aeHtIPt6tBu9J8','2025-07-21 03:14:22.557084');
INSERT INTO django_session VALUES('tfvkyu3owvhewnlnp2lty49n6l89l96k','.eJxVjMEOwiAQBf-FsyFAKSw9evcbCF0WixowpU00xn_XJj3o9c28eTEf1mXya6PZ58gGJtnhdxsDXqlsIF5COVeOtSxzHvmm8J02fqqRbsfd_QtMoU3fdwcIDoQGSJScU5IITSRpBVDS0UFMIpDq0KpkLChnSRrUvehRGdfjFm3UWq7F0-Oe5ycbxPsDheg-4g:1uYwGu:qWHP8LSWopDe6GdX_SrcEkagUfOHaELnauNzHqABylU','2025-07-22 00:33:20.641440');
INSERT INTO django_session VALUES('1z4wefcr27sjg6lgh5av3spa4cwanabk','.eJxVjEEOwiAQRe_C2hCg0DJduvcMZMpMLWrAlDbRGO-uTbrQ7X_vv5cIuC5TWCvPIZHohTXi8DsOGK-cN0IXzOciY8nLnAa5KXKnVZ4K8e24u3-BCev0fSN6TR0wKPbKoyHT2ogavFVIY2s0jQ6bBjx0ZBoXNVhjh9axUwSk_BatXGsqOfDjnuan6NX7A6FYPr4:1ualfL:T60wOng4qwnlLy-wW1c4UWxqDtznXUutE5VQrRSZ-PE','2025-07-27 01:38:07.628276');
INSERT INTO django_session VALUES('khog4mbs4spx49xfv6pg8ssbq9ufet67','.eJxVjEEOwiAQAP_C2ZCFgpQevfsGAuxiUQOmtInG-HdD0oNeZybzZs5v6-y2RovLyCYmB3b4hcHHG5Vu8OrLpfJYy7rkwHvCd9v4uSLdT3v7N5h9m_vXCG21hYSBkgWvgAwqZY0GP0AYEoC2o9FijAGTsAKNkUdQUsYopBZ92qi1XIuj5yMvLzbB5wt7aj4b:1ubtHX:QPiMZ3obGsYWRkXfdSkCWBVOReqL6uNn7xrpyCWdAmM','2025-07-30 03:58:11.991480');
INSERT INTO django_session VALUES('jx6nc567ieknxb5ib5vzn0nw5dh252dl','.eJxVjkEOwiAURO_C2hAo8IUu3XsGAp-vRQ00pU00xrtrTRe6nfdmMk_mwzIPfmk0-ZxYz7Riu98wBrxSWUm6hHKuHGuZpxz5qvCNNn6siW6Hzf0bGEIbPm1KQu2V7RQ4JARU0UhA4wQpK6yJ1skYZHARdAAJttNAMmltpMOTE99XjVrLtXi6j3l6sF683oiMPls:1ubtvu:mk3OGCfbrKcmloUBGW0rp3kWYsuofdOEMwAMQVQpeQo','2025-07-30 04:39:54.966607');
INSERT INTO django_session VALUES('8iml1w2ttauo84ru7cyj8xf1y6ykovqe','.eJxVjkEOwiAURO_C2hAo8IUu3XsGAp-vRQ00pU00xrtrTRe6nfdmMk_mwzIPfmk0-ZxYz7Riu98wBrxSWUm6hHKuHGuZpxz5qvCNNn6siW6Hzf0bGEIbPm1KQu2V7RQ4JARU0UhA4wQpK6yJ1skYZHARdAAJttNAMmltpMOTE99XjVrLtXi6j3l6sF683oiMPls:1ubu3R:kQiQHfIbhA3M57Hz3SAIYKd0--y7f4LYIwKth21bqTw','2025-07-30 04:47:41.226004');
INSERT INTO django_session VALUES('meda8s9rh7kxff30c04mj8ho61xqcxaa','.eJxVjEsOwjAMBe-SNYrclubTJXvOENmxoQGUoKaVQIi7Q6UuYPtm3rxUwGUew1JlConVoBq1-90I41XyCviC-Vx0LHmeEulV0Rut-lhYbofN_QuMWMfv20dyDjrkzqM3bQ9kTTSmdY0lISAm17FwDyCN51aME4-WPdhTvwfxa7RKrankII97mp5qgPcHiNc_IA:1ucbdu:xaRDrBc3TinG2J12pRloRNFh8Yd3VYc15SvoSf26e68','2025-08-01 03:20:14.400051');
INSERT INTO django_session VALUES('95ign7549wr8ywqepn6ust8vlnm69lo2','.eJxVjMsOwiAQRf-FtSEUpoVx6d5vIAwPixowpU00xn-3TbrQ7Tnn3jezbplHu7Q42RzYkUnFDr-QnL_FsplwdeVSua9lnjLxLeG7bfxcQ7yf9vbvYHRtXNcKZQgDIpE3nSbwSZvUKY2QBK7ME4oBNPVaAOgORDKYSPROSgUG5XbaYmu5Fhufjzy92FF8vpi7Pm8:1ud5yX:r__uOcGUjeyyOvVgG6MtT2sIiLDTtEFs82NPj0TbOS8','2025-08-02 11:43:33.603213');
INSERT INTO django_session VALUES('zhsqgw0lqiydvey7j87wxud4hyw6sl0z','.eJxVjMsOwiAQRf-FtSEUpoVx6d5vIAwPixowpU00xn-3TbrQ7Tnn3jezbplHu7Q42RzYkUnFDr-QnL_FsplwdeVSua9lnjLxLeG7bfxcQ7yf9vbvYHRtXNcKZQgDIpE3nSbwSZvUKY2QBK7ME4oBNPVaAOgORDKYSPROSgUG5XbaYmu5Fhufjzy92FF8vpi7Pm8:1ud7qt:kFEhvT-Oh9J-rqqbQi7sM-zDwnXzm7viXVf0A2yrM7I','2025-08-02 13:43:47.261568');
INSERT INTO django_session VALUES('8d364khl9d2mmklsil0cpkgini3hs8pp','.eJxVjMsOwiAQRf-FtSEUpoVx6d5vIAwPixowpU00xn-3TbrQ7Tnn3jezbplHu7Q42RzYkUnFDr-QnL_FsplwdeVSua9lnjLxLeG7bfxcQ7yf9vbvYHRtXNcKZQgDIpE3nSbwSZvUKY2QBK7ME4oBNPVaAOgORDKYSPROSgUG5XbaYmu5Fhufjzy92FF8vpi7Pm8:1ud8F8:NejGcRzJbVgrj4je9wf95R0H6y_izD8bdOldsdxAH4o','2025-08-02 14:08:50.642682');
INSERT INTO django_session VALUES('hyhdrshp4t2j8sl1y8q86q35e44je1ak','.eJxVjEsOwjAMBe-SNYrclubTJXvOENmxoQGUoKaVQIi7Q6UuYPtm3rxUwGUew1JlConVoBq1-90I41XyCviC-Vx0LHmeEulV0Rut-lhYbofN_QuMWMfv20dyDjrkzqM3bQ9kTTSmdY0lISAm17FwDyCN51aME4-WPdhTvwfxa7RKrankII97mp5qgPcHiNc_IA:1udITT:UyKq-XbHp2qj8JsLmXPoLEY-KbUZuDXXnzcjJLGudHY','2025-08-03 01:04:19.097663');
INSERT INTO django_session VALUES('6tkkn6ci355luhxj7f9c9ffqbhoov2v0','.eJxVjkEOgjAURO_StWmAX7CwdO8Zmt_-iVRNaygkGuPdFcNCt_PeTOapHC_z6JaCyUVRgzKN2v2GnsMFaSVy5nTKOuQ0T9HrVdEbLfqYBdfD5v4NjFzGT5vZgAws1yAKXUNBjIVvwSCL3ksT9tJW6KiuhI1B21thK5bNnhC-rwpKiTk53G9xeqiher0B61lAMA:1udMwC:hK70qmm9EaADjeGE_oQxlF0uGPktYGBydLv8-p-bayE','2025-08-03 05:50:16.755069');
INSERT INTO django_session VALUES('24lu5q8guihgqxl3fqaq7k7dibq0d0u9','.eJxVjMEKwjAQRP8lZwnbtKaxR-9-Q9jsbmxUEmlaUMR_twUPehtm3ryX8rjMo1-qTD6xGtQe1O63DEhXydvCF8znoqnkeUpBb4j-rlWfCsvt-GX_BCPWcX1boEiOANCEFhB7ARfErdG1lq3r0DTEvYnIEo2LBjrTQu8sN4cQkTZplVpTyV4e9zQ91QDvD8qNP7c:1udMwu:yFzh_9XfBtYRsHe7Esti150hOg4IoruzFQVVslYvHqU','2025-08-03 05:51:00.494534');
INSERT INTO django_session VALUES('kwyjdwkys58ps0acdxigyzudfiliwvtn','.eJxVjMEKwjAQRP8lZwnbtKaxR-9-Q9jsbmxUEmlaUMR_twUPehtm3ryX8rjMo1-qTD6xGtQe1O63DEhXydvCF8znoqnkeUpBb4j-rlWfCsvt-GX_BCPWcX1boEiOANCEFhB7ARfErdG1lq3r0DTEvYnIEo2LBjrTQu8sN4cQkTZplVpTyV4e9zQ91QDvD8qNP7c:1udN37:TqDvUMtRhVj9D8kEQy4iI6oOIT-wWZp49JOjrJ6OuL4','2025-08-03 05:57:25.696572');
INSERT INTO django_session VALUES('24n0cllxpv180ix9d2rrd06b4smy8wsu','.eJxVjMEKwjAQRP8lZwnbtKaxR-9-Q9jsbmxUEmlaUMR_twUPehtm3ryX8rjMo1-qTD6xGtQe1O63DEhXydvCF8znoqnkeUpBb4j-rlWfCsvt-GX_BCPWcX1boEiOANCEFhB7ARfErdG1lq3r0DTEvYnIEo2LBjrTQu8sN4cQkTZplVpTyV4e9zQ91QDvD8qNP7c:1udeDb:6IhfoltqVUWsUSGnPSymniQVkTcKbz8d1illAOUI7Nw','2025-08-04 00:17:23.598852');
INSERT INTO django_session VALUES('j0hm5cjxubgskhqon6pzdcpha0sw8cet','.eJxVjMEKwjAQRP8lZwnbtKaxR-9-Q9jsbmxUEmlaUMR_twUPehtm3ryX8rjMo1-qTD6xGtQe1O63DEhXydvCF8znoqnkeUpBb4j-rlWfCsvt-GX_BCPWcX1boEiOANCEFhB7ARfErdG1lq3r0DTEvYnIEo2LBjrTQu8sN4cQkTZplVpTyV4e9zQ91QDvD8qNP7c:1udeoP:3CZ1AIhHup3EI4jl6M3-H5xNRVGY90OrzBcpPSjTxZs','2025-08-04 00:55:25.815503');
INSERT INTO django_session VALUES('c5509e4n56si78dr1mawn2oshass0elq','.eJxVjkEOgjAURO_StWmAX7CwdO8Zmt_-iVRNaygkGuPdFcNCt_PeTOapHC_z6JaCyUVRgzKN2v2GnsMFaSVy5nTKOuQ0T9HrVdEbLfqYBdfD5v4NjFzGT5vZgAws1yAKXUNBjIVvwSCL3ksT9tJW6KiuhI1B21thK5bNnhC-rwpKiTk53G9xeqiher0B61lAMA:1udiWM:aOYCjMirKrJqsIBel9d9Rjw4dcfPB893fR4WAu5zMAk','2025-08-04 04:53:02.699424');
INSERT INTO django_session VALUES('4f74g5u2sfuh0vzbsxl12nnabwrdf93n','.eJxVjkEOgjAURO_StWmAX7CwdO8Zmt_-iVRNaygkGuPdFcNCt_PeTOapHC_z6JaCyUVRgzKN2v2GnsMFaSVy5nTKOuQ0T9HrVdEbLfqYBdfD5v4NjFzGT5vZgAws1yAKXUNBjIVvwSCL3ksT9tJW6KiuhI1B21thK5bNnhC-rwpKiTk53G9xeqiher0B61lAMA:1ueNxP:VKRVXD2A8oCUWEU85eI8Cdd4CpkrERR3P_zspiHOJ5E','2025-08-06 01:07:43.494524');
INSERT INTO django_session VALUES('o1wldhbcg8gcb7nq9df7ssgc92et36nb','.eJxVjMEKwjAQRP8lZwnbtKaxR-9-Q9jsbmxUEmlaUMR_twUPehtm3ryX8rjMo1-qTD6xGtQe1O63DEhXydvCF8znoqnkeUpBb4j-rlWfCsvt-GX_BCPWcX1boEiOANCEFhB7ARfErdG1lq3r0DTEvYnIEo2LBjrTQu8sN4cQkTZplVpTyV4e9zQ91QDvD8qNP7c:1ueNzA:Ad2RqugNi0zdFkxMs1QSRH0AxYyw7QbHclj9BmTdS-w','2025-08-06 01:09:32.559184');
INSERT INTO django_session VALUES('6lp2zegk9bgiym7j1v2b86a1iened1eq','.eJxVjMEKwjAQRP8lZwnbtKaxR-9-Q9jsbmxUEmlaUMR_twUPehtm3ryX8rjMo1-qTD6xGtQe1O63DEhXydvCF8znoqnkeUpBb4j-rlWfCsvt-GX_BCPWcX1boEiOANCEFhB7ARfErdG1lq3r0DTEvYnIEo2LBjrTQu8sN4cQkTZplVpTyV4e9zQ91QDvD8qNP7c:1ueO0V:5ztwGc1hFNRk8wRXtDaUiVQZmpqE_bKLyTB44QDIwjM','2025-08-06 01:10:55.681471');
INSERT INTO django_session VALUES('d5g7vr854lvbnymr1nfwd2qm071cobu2','.eJxVjMEKwjAQRP8lZwnbtKaxR-9-Q9jsbmxUEmlaUMR_twUPehtm3ryX8rjMo1-qTD6xGtQe1O63DEhXydvCF8znoqnkeUpBb4j-rlWfCsvt-GX_BCPWcX1boEiOANCEFhB7ARfErdG1lq3r0DTEvYnIEo2LBjrTQu8sN4cQkTZplVpTyV4e9zQ91QDvD8qNP7c:1ueOu3:zjpEBJ04cgZINuSCG75j3qfiuW6I0qN2kbdClApgW58','2025-08-06 02:08:19.880892');
INSERT INTO django_session VALUES('lyfkxk6q4qjryf3md1noslthcp5c43ar','.eJxVjMEKwjAQRP8lZwnbtKaxR-9-Q9jsbmxUEmlaUMR_twUPehtm3ryX8rjMo1-qTD6xGtQe1O63DEhXydvCF8znoqnkeUpBb4j-rlWfCsvt-GX_BCPWcX1boEiOANCEFhB7ARfErdG1lq3r0DTEvYnIEo2LBjrTQu8sN4cQkTZplVpTyV4e9zQ91QDvD8qNP7c:1ueP2G:mk0TgzYTWBkfzuwLcQbQD26Lg6wiW8EhFbFLiQIcFXo','2025-08-06 02:16:48.670160');
INSERT INTO django_session VALUES('j4whlrivc24atgu7luigf22a6f1cpi5j','.eJxVjMEKwjAQRP8lZwnbtKaxR-9-Q9jsbmxUEmlaUMR_twUPehtm3ryX8rjMo1-qTD6xGtQe1O63DEhXydvCF8znoqnkeUpBb4j-rlWfCsvt-GX_BCPWcX1boEiOANCEFhB7ARfErdG1lq3r0DTEvYnIEo2LBjrTQu8sN4cQkTZplVpTyV4e9zQ91QDvD8qNP7c:1ueP3d:pfPAl2ALIQpTUzUWlUgcFMKq6mjSCWVQG5i81JHp9Qk','2025-08-06 02:18:13.809628');
INSERT INTO django_session VALUES('b8xzlngz9j38vwts59kjgkelvq61qlii','.eJxVjkEOgjAURO_StWmAX7CwdO8Zmt_-iVRNaygkGuPdFcNCt_PeTOapHC_z6JaCyUVRgzKN2v2GnsMFaSVy5nTKOuQ0T9HrVdEbLfqYBdfD5v4NjFzGT5vZgAws1yAKXUNBjIVvwSCL3ksT9tJW6KiuhI1B21thK5bNnhC-rwpKiTk53G9xeqiher0B61lAMA:1uh8uI:guEa6SJLWbMMnlbJvNoj7clSiYwxDmg8rbzVAcKbcTE','2025-08-13 15:39:54.912015');
INSERT INTO django_session VALUES('4u0frhcodxe4ihcjxu6nb86gd9b25zv2','.eJxVjMEKwjAQRP8lZwnbtKaxR-9-Q9jsbmxUEmlaUMR_twUPehtm3ryX8rjMo1-qTD6xGtQe1O63DEhXydvCF8znoqnkeUpBb4j-rlWfCsvt-GX_BCPWcX1boEiOANCEFhB7ARfErdG1lq3r0DTEvYnIEo2LBjrTQu8sN4cQkTZplVpTyV4e9zQ91QDvD8qNP7c:1uh8vi:9XjgQE1sHbL8_qJN6pz2azORKN0aXiWaC31MUUwmh1w','2025-08-13 15:41:22.647565');
INSERT INTO django_session VALUES('xny2s1lzdgo3bq1uodkp5v7b6paxpgz2','.eJxVjkEOgjAURO_StWmAX7CwdO8Zmt_-iVRNaygkGuPdFcNCt_PeTOapHC_z6JaCyUVRgzKN2v2GnsMFaSVy5nTKOuQ0T9HrVdEbLfqYBdfD5v4NjFzGT5vZgAws1yAKXUNBjIVvwSCL3ksT9tJW6KiuhI1B21thK5bNnhC-rwpKiTk53G9xeqiher0B61lAMA:1ui9mf:3qt7Unv56pGANSjetRtic1_HLY10PiyMJ9hQNRtWUZg','2025-08-16 10:48:13.634223');
INSERT INTO django_session VALUES('y98a7d5sjgaer4y5nzqyznmu60yxhv7z','.eJxVjMEKwjAQRP8lZwnbtKaxR-9-Q9jsbmxUEmlaUMR_twUPehtm3ryX8rjMo1-qTD6xGtQe1O63DEhXydvCF8znoqnkeUpBb4j-rlWfCsvt-GX_BCPWcX1boEiOANCEFhB7ARfErdG1lq3r0DTEvYnIEo2LBjrTQu8sN4cQkTZplVpTyV4e9zQ91QDvD8qNP7c:1ui9nN:B4X46SHEaD-iXO0IdZj7MRiKob5CoGT1IQx1EvvcVZI','2025-08-16 10:48:57.944732');
INSERT INTO django_session VALUES('cqpgom614i1g6n51mgb59wbqwb1h1ord','.eJxVjkEOgjAURO_StWmAX7CwdO8Zmt_-iVRNaygkGuPdFcNCt_PeTOapHC_z6JaCyUVRgzKN2v2GnsMFaSVy5nTKOuQ0T9HrVdEbLfqYBdfD5v4NjFzGT5vZgAws1yAKXUNBjIVvwSCL3ksT9tJW6KiuhI1B21thK5bNnhC-rwpKiTk53G9xeqiher0B61lAMA:1ui9ng:mJNGPJp_qjeMEri9Xc-kFXEPBcJ0Ovani8I5VVlJGGo','2025-08-16 10:49:16.186146');
INSERT INTO django_session VALUES('lj4b7z6dl5zsuamhe41f80lyujj195ts','.eJxVjMEKwjAQRP8lZwnbtKaxR-9-Q9jsbmxUEmlaUMR_twUPehtm3ryX8rjMo1-qTD6xGtQe1O63DEhXydvCF8znoqnkeUpBb4j-rlWfCsvt-GX_BCPWcX1boEiOANCEFhB7ARfErdG1lq3r0DTEvYnIEo2LBjrTQu8sN4cQkTZplVpTyV4e9zQ91QDvD8qNP7c:1ui9qc:E6DoUyx__AHlZ0RXkM63zWTO598JNav70xYhkHYYY3Y','2025-08-16 10:52:18.343801');
INSERT INTO django_session VALUES('sr0lxo1new3agk2a3g8vud51ial6t3a8','.eJxVjMEKwjAQRP8lZwnbtKaxR-9-Q9jsbmxUEmlaUMR_twUPehtm3ryX8rjMo1-qTD6xGtQe1O63DEhXydvCF8znoqnkeUpBb4j-rlWfCsvt-GX_BCPWcX1boEiOANCEFhB7ARfErdG1lq3r0DTEvYnIEo2LBjrTQu8sN4cQkTZplVpTyV4e9zQ91QDvD8qNP7c:1ui9qu:kPLK0mTcGeRlG4qyGUn7z-vmMhjIGt4s_eqL6KLlC8g','2025-08-16 10:52:36.613881');
INSERT INTO django_session VALUES('9o3lyifuppbhyg4tewypivj4mvpacm29','.eJxVjMEKwjAQRP8lZwnbtKaxR-9-Q9jsbmxUEmlaUMR_twUPehtm3ryX8rjMo1-qTD6xGtQe1O63DEhXydvCF8znoqnkeUpBb4j-rlWfCsvt-GX_BCPWcX1boEiOANCEFhB7ARfErdG1lq3r0DTEvYnIEo2LBjrTQu8sN4cQkTZplVpTyV4e9zQ91QDvD8qNP7c:1uiZ1q:zmcXaLBKOkiYFzgBDiEkURnytAx8yg7bkNRk9cvRlas','2025-08-17 13:45:34.532544');
INSERT INTO django_session VALUES('uy5fpp03gidykx0tr3yvjt5fmevtcwu8','.eJxVjkEOgjAURO_StWmAX7CwdO8Zmt_-iVRNaygkGuPdFcNCt_PeTOapHC_z6JaCyUVRgzKN2v2GnsMFaSVy5nTKOuQ0T9HrVdEbLfqYBdfD5v4NjFzGT5vZgAws1yAKXUNBjIVvwSCL3ksT9tJW6KiuhI1B21thK5bNnhC-rwpKiTk53G9xeqiher0B61lAMA:1uikvK:-k3vbWQBfzxmXP1dNUjYiWfv5IL96kqMNX1DNeqWJ6A','2025-08-18 02:27:38.547006');
INSERT INTO django_session VALUES('841xehfzf7xah4ik5f4gl8wwc2hlpnnp','.eJxVjMEKwjAQRP8lZwnbtKaxR-9-Q9jsbmxUEmlaUMR_twUPehtm3ryX8rjMo1-qTD6xGtQe1O63DEhXydvCF8znoqnkeUpBb4j-rlWfCsvt-GX_BCPWcX1boEiOANCEFhB7ARfErdG1lq3r0DTEvYnIEo2LBjrTQu8sN4cQkTZplVpTyV4e9zQ91QDvD8qNP7c:1uikvt:NKVCpR53gtFR_7Ya1UaO-HTjbyqYNuMbJKcYkTDAaTs','2025-08-18 02:28:13.028598');
INSERT INTO django_session VALUES('cn3mcj35m8ae8d80hkuymmdxow52txhn','.eJxVjMEKwjAQRP8lZwnbtKaxR-9-Q9jsbmxUEmlaUMR_twUPehtm3ryX8rjMo1-qTD6xGtQe1O63DEhXydvCF8znoqnkeUpBb4j-rlWfCsvt-GX_BCPWcX1boEiOANCEFhB7ARfErdG1lq3r0DTEvYnIEo2LBjrTQu8sN4cQkTZplVpTyV4e9zQ91QDvD8qNP7c:1uikwB:8atYV3qQO1n83QEht0ECu6tXQFS1ArQimiSlJwUJ6tw','2025-08-18 02:28:31.101374');
INSERT INTO django_session VALUES('gve3o3xheepnzk74mhbpug5cn1ktim5s','eyJfY3NyZnRva2VuIjoiTnIwWXJ4SE5RQ3RMdGdFWGtSRVJ0eU5iVHFtdGVsM1MifQ:1ukLtK:5fSEx2X9F-k_ICKV024PwSi0lXb5WNZUEIgnLQQuU0s','2025-08-08 13:08:10.464660');
INSERT INTO django_session VALUES('8ed5evuxs5wchjoyts6wayz7fqouqy1e','eyJfY3NyZnRva2VuIjoiaENlbFNCMVdQYzRZSlJGV1IzeW1nd09sZHBVMFJlYTIifQ:1ukwKg:woG5w1HQPbUM8lsqWjwo0d-VPgXuYOu7sw3z0yrSw7A','2025-08-10 04:02:50.240337');
INSERT INTO django_session VALUES('sij6jt1qmjphsme4t41hvtzcvzfg6jn8','eyJfY3NyZnRva2VuIjoicGgxdGZ3NEFtblc5b1EybFpVaGpqcEhNczJhb29EUngifQ:1ukwN6:7LDLoGf-OMPI1hj1IJXnJt1T088DmwkyIpAz9xLUggM','2025-08-10 04:05:20.285406');
INSERT INTO django_session VALUES('hwv74iyowcrpabq2j4jfk23mmfnlpxva','.eJxVjstuwjAURH_F8gokZPyIHQwriqq2otBFEUjdRE7sEJcQR7F5tFX_vQbRBbq7mTlz5wdmhe_K4HamgWN4PG5mzO3VefZSrD_0W3GosF_qc8Ue_Wmtp3AAM3UIVXbwpsusjgjH92Kuith1cfSnarYOFa4Jnc3RJYJurkcLp039cMveFVTKV5EujUmEThjWjI9oOkoVLlOuMc21JjKnApeUKiUVTWmpE8VHTBhRSIoNTQi-rvLGe-uazJxb233BMR7AWvmQqSLYow1RISnnQkhCORKSSSl5jLitbTLbxhGEpgjHI_Bfvk5UW9OEaC_ct61rNeQIg97GNtqdPFiuAInMBERBJBNwFkkfTNu2NhuTz20YcpYiJkBv_rxavA5AbXcGPJli5_pgVnVub4aEyetbDN5VqTp7Q-DvHxFLhp0:1uobjx:hu-WXk7aUkx-M7cJ4-QA-_tnnvDry_7lvN22EhR0StM','2025-08-20 06:52:05.716898');
INSERT INTO django_session VALUES('4xp2f6gb3p3krdjk88ciiuzkmv5kwroi','eyJfY3NyZnRva2VuIjoiNE9LT0ZDWElveElwdUdEaXl1bm1lNUllNlM4MVlxZ0MifQ:1uobc6:awMpM7tK9QyEtYWim-yNnHebutDGdiyLPOwoXHLjRj4','2025-08-20 06:43:58.361660');
INSERT INTO django_session VALUES('jmi2haa7axlf17lfh5o749lsrm8lhsag','.eJxdjl1PwjAUhv9K0ytMyFi3td3gCkjUZEyNEtCrpd3OWN1ccS2CGP-7heCF5tw978d5v3BemL6yuoEOj3GzmB9n2f1Lm0bl_n0Wpw_Py-vVMVtLtbLTxwAPcS52ts53BvpclS4S_YNSFK7rpJSvottor9Cd7ZX0Thbvohov0yW0s4v3T0EtTO3SCZQ-J4LyMo4ZSwIuiorziCVScKBBIoNKhqwgwAFYCQkhIhZcVkTyKkyoOJUaMEbpLofDVvWfeOwPcSuMzUVh1YeyjhBOKWMxo8zjoR9TSp1Fb1SXq60bQQLu-e4I_sXniWIDnXVypo-qbcWIej4arFVX6r1Bd0tEXGaCHGDRBB1YdIWm220La5CpsiMaci9kaJDeLrPFELWqAXQDRaOv0Lzu9RuMSJic3_roSVSiV5cI_v4BhaeGrg:1uobcO:2gU19XM_zQ0Akz2vApzmjtgRCMosWSCs8YOLA4FI2XM','2025-08-20 06:44:16.750250');
INSERT INTO django_session VALUES('z7w9jhy03aqwk88qmf3i9s0xf4pw6lvc','eyJfY3NyZnRva2VuIjoibXJuVTNORWdXdmpjQU5OVmZnS280YVNYaUFNUTRhS2wifQ:1uobcT:ZHklVnl0QIDPpQp31vct6Ksv0WjT7aFFapgQ9TZm2LQ','2025-08-20 06:44:21.042772');
INSERT INTO django_session VALUES('8p1nyy9dxoz9uwtymuxmgwkec3qwq5yk','eyJfY3NyZnRva2VuIjoiUlNKQUs2UGY5UkFMbEoxeDJnb3pEbkcxUlR5NFl2d3oifQ:1uobcf:8c1XM-qHHSubmXxkdhJaYHRpz3darqg_Mn6u91W1VWA','2025-08-20 06:44:33.097001');
INSERT INTO django_session VALUES('drh0dqerxlhrcj2euvc3u05su55dnfrw','.eJxVjstuwjAQRX_F8gokFOIktmNYFRagAm0lkGAXTZIJGJKYxoFSqv57DaILNLtzH3N_aJLZpmjNAWs6oFFQnfbwPrpuZvJw3kw-wtdSVPPpspLA6s8x7dEETu0uOVlsEp3fI88whcx13ZR8D_XWeJmp20an3s3iPVTrLUyO5ejhfSrYgd25tMLclwy4zONYCBVIyAopI6FSkMgDlQZFGoqMoUQUOSrGIAaZFiyVRag43EotWqtNneDlqJtvOvB7tATbJpC1-qxbR5jkXIhYxNLjXIWBCp3FbHWd6KMbwQLp-e4Y_cf3ibDFunXywlx1WUKfez7prHWdmy9L3laEucyQOCCiIbmIqEtejscS15jOdNvnofRCQTqz6Wox75FSH5BMMDuYLhnvGlNhn4Xq_tYnSyig0Y8I_f0DUdSGkQ:1uobct:mz7bA9GajnClU77D6CMm6L5WLRfwK95lCtOXcIRyztA','2025-08-20 06:44:47.579512');
INSERT INTO django_session VALUES('2n2cu3pq64o5z1ctzweaz22jyuqe91qe','eyJfY3NyZnRva2VuIjoiVVJZbERocVF5SUtUbjI5b0VvMDVybzZzUGdIWmtNTTAifQ:1uobcy:QMWPiFWTct_J4Ol6AdwBiED2YQNvgAKK7roQsCT_ULY','2025-08-20 06:44:52.399879');
INSERT INTO django_session VALUES('0hk13slrawul2uziyekhc8hj5753hxar','eyJfY3NyZnRva2VuIjoiZENjcldpdlhueXdQVlAxaGptT2RjSkR5Z2Z2cXVvNE4ifQ:1uobdM:d5JWR-MXxhnQIH_y_oszq_NOoE-Rb0dWpg1LWADeOzU','2025-08-20 06:45:16.275203');
INSERT INTO django_session VALUES('xbs1uhvj2y5gh1q7km45zp1pq3zzbqsc','eyJfY3NyZnRva2VuIjoiSVJaa255OGVCcGRNME5Gbnk0SnpzVzhQSG1uZU5mMGMifQ:1uobdj:Hr5hsbwxQ3Z_8hKheJFhUJIo-JQ2njSZ-8_nkCWEu5g','2025-08-20 06:45:39.127704');
INSERT INTO django_session VALUES('pudlmjz6j6pfo96dchh6n4xtafcs3war','.eJxVjlFPwjAUhf9K0ydIyFi3taXwpKIoiCZKssfldrtjlbniOhQx_ncLwQdy384537nnh2a5a8vObrChYxryj9TAQdw-zMVs_5Ku54dppBsxT-38Ob-b0gHNYNdV2c5hm5nCI0l0KWrIfdfRKd6gWdsgt03XGh0cI8HZdcHSFlhfn7MXBRW4ytMKi1Ay4LIYjYRQkYS8lDIRSoNEHikdlToWOUOJKApUjMEIpC6ZlmWsOBxLHTpnbJPhfmvabzoOB7QG12WQd-bTdF5hknMhRlKpgCsey9gn7No0mdn6DSySQeiP0X_5tBDW2HTeXtqDqWsY8iAkvdQ0hf1y5GlFmGcmxAsimZC9SPrkarutMUW9MN3QfwliQXqL-9XycUBqs0Eyw3xj--Smau07DlmsTm9D8goltOaM0N8_gUSGKA:1uobeh:tW6dy06FlmJUxBduEmNK7GT0eyn8hqQN6jUNpyivVic','2025-08-20 06:46:39.620367');
INSERT INTO django_session VALUES('1gh3tpdspbgcgc6ih4pfe0ywo9aa1vuy','eyJfY3NyZnRva2VuIjoieVhUOVVrbm9GVHNoNTJUZVdOSzRhNFA4QmFWMDVpd3EifQ:1uobht:YmXRs-WdT2FI02Pj-jS-YCyHd7J9r36oU1rTaSEIWcY','2025-08-20 06:49:57.421917');
INSERT INTO django_session VALUES('pdggn94mtoyzkbym8f66vqvsjwgvt7e4','eyJfY3NyZnRva2VuIjoidXFQT2VoT2Zzb2lPVmdORmlCT2tyTlBnM0RCdmoxUloifQ:1uobi2:UYANCuaKRMiX2SbWXIPFY_scFRM52_2mOiTOYCxwuAg','2025-08-20 06:50:06.437350');
INSERT INTO django_session VALUES('v2losr55bk4wq2nyl6emr5l4ezswd58j','eyJfY3NyZnRva2VuIjoiWUdyYjFwVDRVM1Vqa0lScU9RUnZURFI0V3RndW5VTDMifQ:1uobkM:dCb3BQmcL1bpITAbOyAQYcMpszwrpRQG4tUgH5bFfls','2025-08-20 06:52:30.878326');
INSERT INTO django_session VALUES('a11avctri3i3kyxlik5x23ymtgg4rog3','.eJxVjk9PwjAYxr9K0xMkZLRdu25wEg6iCCYyJXpZurXbCnMla1HA-N0tBA_kvf2eP-_zA7PCdqUzW9XCEdzQN5OvZuqdicdpnT6fZPXa0IePZfqijxNj4QBmYu_qbG9Vl2npIwzdwlwUvuusyI1oKxMUpnWdzoOzJbiqNlgYqZrJ1XtTUAtb-3SpFI0kDZEMWUx4zAUqOZOI5FLiJCcRKgkRIhGEk1JSweIwUlGREKQIxeiyyiprtWkzddjp7ghHaAAbYV0mCqe_tPMEc8YijhHhAY4RT7h3mEq3md75Ddhj5A_Df3xZKCrVOi8vzEk3jRiyAIHeWrfSfFuwTAH2mTHwIKJjcIhoH9ztdo1aq3yu3ZCFPAgj0JvP0sXTADR6q8C9KramD6Z1Zz7VEIfJ5S0CK1GKTl8j8PcP2QKF5g:1uocEd:d42TnAvC2UcGVK2s_Du1yp-XimyALmw7Qsp-x_ulgA0','2025-08-20 07:23:47.194704');
INSERT INTO django_session VALUES('thh5n8qk8p1yp189sdyg6h3sszmx6pjg','eyJfY3NyZnRva2VuIjoiYmxNY0VEaHFKSGhYcGlWc1l1SHFrVGswNFVlVzFWUWUifQ:1uobl4:CIoga4Z11rfipiKmqlmwKR7vMHcMRHsLtyAax7KruUI','2025-08-20 06:53:14.328849');
INSERT INTO django_session VALUES('3md3s4ft542ifrvtbv744pt7yglisxxj','eyJfY3NyZnRva2VuIjoiTDNqR2VzN2V5Y1dRa3VEeU1YaW05b3M3MnR0S1Y5SDMifQ:1uobl9:_sQmv29WQe1GMFxWkPx60_oPQcx4UJDGX2riQX0xcm8','2025-08-20 06:53:19.036904');
INSERT INTO django_session VALUES('a8bzk1n13yw19ni6b64d0ojmdqq140t2','.eJxVjl1rwjAYhf9KyJWCxCRtklavtoETvwZTEHZT0iZtM7umNNG5jf33RXEX8t6dc57znh-YFa4vvT3oFk7gW7Wdr-xs-8JxVFSnxQw7-U03eT4zi13qXuEIZvLo6-zodJ8ZFRCG78VcFqHr4qh32VYWFbb1vcnRJYJurkNrq3TzeMveFdTS1YEutY65iiOsIpZQkQiJS8EUprlSJM0pxyWlUqaSClqqWLIk4poXKcWaxgRfVzntnLFtps-d6b_gBI9gI53PZOHNyfigEMEYFzhNKCKM84TFIWIr02amCyMIFQiHI_Bfvk6UlW59sNf22zSNHDOEwWBvWmU_HdjsAAnMFASBx1Nw5vEQPHRdo_c6Xxo_ZpFAEQeD5Xy3Xo1AYw4aPOviYIfgqe7thx6TKL2-xWArS9mbGwJ__wBIjoV0:1uocDu:XsN0htIvI84RFM-d95vUMmejYu2f6UWNEd_JapQDHa8','2025-08-20 07:23:02.174101');
INSERT INTO django_session VALUES('vbdnmawlpt5pgkz2376ebepvxoi7c9f6','eyJfY3NyZnRva2VuIjoiMm4xZ01ZQ2F6T1M4UmM4dHZSM0pycnhieUlqVEJHYzEifQ:1utIUm:lUH1P_yNPvleNvNutMMNAhfTkofSKfWnf3WsDcFAPKI','2025-09-02 05:19:48.542664');
INSERT INTO django_session VALUES('g68fodxwuj7thbfajj2ow9ojt72hle0d','.eJxVjstuwjAQRX_F8gokFJIYxwmsKEJF4rGhElI30dieEDchpnGg0Kr_XoPoAs3u3MfcH5or1xadrbChYxrPpFkf4un8c7U9uU2jU1Msrmc8yGquqndOBzSHU1fmJ4dtbrSP8PAZSlC-66boD2j2NlC26Vojg5sleKguWFuN9cvD-1RQgit9WmoZCgEIUhaKsRAyFgPqVKcizhgIrhCKApMwS6RSUKSKSZFgxiPULEN1K3XonLFNjpejaa90HA5oDa7LQXXmbDpPIsETkQqWiIBH2Yjz2Fvs3jS5OfoRUSyC0F9E__F9Iuyx6by8tt-mrmHIg5D0dqbR9suRzRuJfGZCPEhGE3JJRn0yPR5r3KFcmm7ImQhYQnrLxdt6NSC1qZC8oqpsn8zK1h5wGLHs_jYkWyigNY8I_f0DyP-Iow:1utIe7:icO1rdB3lGGfUieHh0RThXAx82Du0hOxkF7-WjpHbis','2025-09-02 05:29:27.551129');
INSERT INTO django_session VALUES('hk3g0nxv63tyqp632xdsapdqfhljapsb','.eJxVjs1uwjAQhF_F8gkkFOwkdmI4AVJbiZ8eQovUS-QkG-IS7ChOCrTqu9cgekB7m5lvdn5wmtu27MwBNJ7g5El99PViIVdvx3Ku-8v7JX8lp01CwxmQZIZHOJV9V6W9hTZVhUMYeRQzmbuuq1N8Sr03Xm5016rMu0a8u2u9tSmgnt-zDwWVtJWjY0EZhJxAEedxIWMiIil8zuIyKDinLOeF4H7MGQhRZgQ4EBLEwqckLEMe8mupBWuV0SmcG9Ve8ISMcC1tl8q8U1-qcwqNGI9EKALmEU585gJmr3SqGjeB-pFH3FH8L98Gyj3oztlr863qWo4digY7pQtzsmizRdQxU-QEHk7RmYdDNGuaGnaQLVU3ZkHkBRwNli_b9WqEanUA9Az5wQzRomrNEcY0ELe3BCWylK26I_j3Dz6thKw:1utKcB:JA5O-wgJMPg5mATO4wtHH2x8fxTikzgrpOK1U1V51SQ','2025-09-02 07:35:35.071462');
INSERT INTO django_session VALUES('i9kzgt41vaaif126zglmbl5ixzux2r4p','eyJfY3NyZnRva2VuIjoiMTVCb3drRDJqaEE4WVFadHhmRVNseUx1b0xCMGNMd1MifQ:1uxZsP:Lwjer1jAvk9aQAFqUkdl29HLBHtAxOH29_iyuoY5KWQ','2025-09-14 00:41:53.631076');
INSERT INTO django_session VALUES('6ga7dwwjwx6ykrpwgvi3lxvqh8dsrxdo','.eJxVj89PwjAUx_-VpidIyGi3tR1wQg-awIwgCcbL8tZ2rDLXuQ5EjP-7HXIh7_b5_njv_eBMurbo7F7XeIrfVmu1CvX3kZ9NNF-Lz-dy_TpfLdMDo8W5oniEMzh0ZXZwus2M8hFGbmEO0nf1inqHemcDaeuuNXnQW4Kr6oLUKl3dXb03BSW40qfzMAKecKVhoqVWAjSBKOITEcaEMZlDmEsesSJRhPMJp5ySRAgRTwBCwVjRlzrtnLF1pk-Nab_xlIxwBa7LQHbmaDpPqGAioTRmNEhYSGOReIvdmTozjT-ChiIgfvrH__HlRNjpuvNyas-mqmDMAoIGW1Mr--XQ0wZRn5khD3g8QyceD9G8aSq91fnCdGMWiSDiaLB43KTLEarMXqMHLfd2iO7L1n7oMY3JZS1BL1BAa64R_PsHtaGFrQ:1uxb3b:MT0xN_MoGxV45ulcMi_AH7z63hAYqn29IUskwVqt094','2025-09-14 01:57:31.862145');
INSERT INTO django_session VALUES('zybf13wz1e0ns5hc02pwkwrem0xmiszn','.eJxVjk9vwiAchr8K4aSJqVAotHrSZZmLfy6a6K2BQi2zK03B6brsuw-NOxhuz_s-L78fmBeuK7096QZO4Fxll27Giy0zh75f9Bfzul-u3mcH2_kW8Q0cwVycfZWfne5yo4JC42coRRG2bon6EM3RRoVtfGdkdKtEj9RFa6t0PX90nwYq4apga5kRoaSQnHNKJOFElFnGqNSUI5UUKiNlQSRSOOUJz9JMpVTLmMm0pCUrxW3UaeeMbXJ9bU33DSdoBGvhfC4Kb76MDwQHN8WYpDxCJIsZ4aFij6bJTRuOwHHg4WH4j-8niqNufIjXtjd1LcZJhMBgbxplLw5sdgAHZwoCYHQKrowOwaxta73Xcmn8OCE8IgwMlovdejUCtTlp8KaLkx2Cl6qzn3qMKbp_i8BWlKIzDwX-_gFKf4cn:1uxb2Z:lspFrgQLOQ98r8BAV9r1CIDHqs6KTqlOcxrve48OJq4','2025-09-14 01:56:27.049790');
INSERT INTO django_session VALUES('m35rogdpvqtooiryp1yi8jllq9dfprwr','eyJfY3NyZnRva2VuIjoiTHNvb1BrVlE2TDI5dlA1ZmdUTDdsSXlpMW9MS3JoQzQifQ:1v094v:NUEBhBvd2Y7TlzpUSAZ0_uh8R1SJoXt2aC-jTKI7h4M','2025-09-21 02:41:25.490651');
INSERT INTO django_session VALUES('xifdlibx90etiu6mguqnqir519sccxa1','eyJfY3NyZnRva2VuIjoidnExYWNkT0RzWVdtRTg1ZXRGSVhRaDYyajlVRE5nNnMifQ:1v0fMo:WbiXjuDiw8DhR8GUerIszE8F6qKAhFD5SbXM6O7lkIw','2025-09-22 13:10:02.401062');
INSERT INTO django_session VALUES('z7qhi4ul9ll3bvibl1floure09hkfnvr','.eJxVjltPwjAYhv9K0ytIyGhZ161wpVxAwkkDCerN0vXAKnOda9GJ8b9bCF6Y7-55D9_7DXPhWu3tUdVwDDeb2FA2fSnWz3P-sDk_PuFim5TL2RZ13HfvcABzfvJlfnKqzY0MkQT9hwUXoeuiyFdeH2wkbO1bU0QXS3RTXbSyUlX3N--_gpK7MqQ1JlqgDGnKtJYMKcJ0xjihnDOUipEUuEAxkYXMqI4loYSQhFGBZMqUwOxS6pRzxta56hrTfsExGsCKO59z4c2H8YHgNMkSEiPKIhJTilMcLPZg6tw0YQQepREKh-Efvk7kB1X7IK_s2VQVHyYRAr29qaX9dGC9AzhkJiAASiago6QP7pqmUntVLIwfJnEaxRT0FvPdajkAlTkqMFPiaPtgWrb2TQ0xQde3CGy55q25ReDPLwpshjI:1v0fNt:0roJZilFOJVcxIf1d-qDruXeT-Vu1XRU6p8truxYh4Q','2025-09-22 13:11:09.475548');
CREATE TABLE IF NOT EXISTS "mentalhealth_dassresult" ("id" integer NOT NULL PRIMARY KEY , "date_taken" datetime NOT NULL, "depression_score" integer NOT NULL, "anxiety_score" integer NOT NULL, "stress_score" integer NOT NULL, "depression_severity" varchar(50) NOT NULL, "anxiety_severity" varchar(50) NOT NULL, "answers" text NOT NULL CHECK ((JSON_VALID("answers") OR "answers" IS NULL)), "user_id" bigint NOT NULL REFERENCES "custom_user" ("id") DEFERRABLE INITIALLY DEFERRED, "stress_severity" varchar(50) NOT NULL);
INSERT INTO mentalhealth_dassresult VALUES(1,'2025-06-24 14:52:36.238566',8,10,4,'Normal range','Moderate anxiety','[1, 1, 0, 0, 1, 0, 1, 0, 1, 0, 1, 0, 1, 0, 1, 0, 1, 0, 1, 0, 1]',23,'Normal range');
INSERT INTO mentalhealth_dassresult VALUES(2,'2025-06-24 14:53:28.747504',42,42,42,'Extremely severe depression','Extremely severe anxiety','[3, 3, 3, 3, 3, 3, 3, 3, 3, 3, 3, 3, 3, 3, 3, 3, 3, 3, 3, 3, 3]',23,'Extremely severe stress');
INSERT INTO mentalhealth_dassresult VALUES(3,'2025-06-24 15:14:52.262172',14,14,14,'Moderate depression','Moderate anxiety','[1, 1, 1, 1, 1, 1, 1, 1, 1, 1, 1, 1, 1, 1, 1, 1, 1, 1, 1, 1, 1]',23,'Normal range');
INSERT INTO mentalhealth_dassresult VALUES(4,'2025-06-24 15:42:56.757337',28,28,28,'Extremely severe depression','Extremely severe anxiety','[2, 2, 2, 2, 2, 2, 2, 2, 2, 2, 2, 2, 2, 2, 2, 2, 2, 2, 2, 2, 2]',23,'Severe stress');
INSERT INTO mentalhealth_dassresult VALUES(5,'2025-06-24 15:48:30.592880',14,14,14,'Moderate depression','Moderate anxiety','[1, 1, 1, 1, 1, 1, 1, 1, 1, 1, 1, 1, 1, 1, 1, 1, 1, 1, 1, 1, 1]',24,'Normal range');
INSERT INTO mentalhealth_dassresult VALUES(6,'2025-06-25 13:46:39.423487',14,14,14,'Moderate depression','Moderate anxiety','[1, 1, 1, 1, 1, 1, 1, 1, 1, 1, 1, 1, 1, 1, 1, 1, 1, 1, 1, 1, 1]',23,'Normal range');
INSERT INTO mentalhealth_dassresult VALUES(7,'2025-06-25 13:46:47.459573',14,14,14,'Moderate depression','Moderate anxiety','[1, 1, 1, 1, 1, 1, 1, 1, 1, 1, 1, 1, 1, 1, 1, 1, 1, 1, 1, 1, 1]',23,'Normal range');
INSERT INTO mentalhealth_dassresult VALUES(8,'2025-06-25 13:58:06.385047',28,28,28,'Extremely severe depression','Extremely severe anxiety','[2, 2, 2, 2, 2, 2, 2, 2, 2, 2, 2, 2, 2, 2, 2, 2, 2, 2, 2, 2, 2]',23,'Severe stress');
INSERT INTO mentalhealth_dassresult VALUES(9,'2025-06-25 15:15:50.885364',14,14,14,'Moderate depression','Moderate anxiety','[1, 1, 1, 1, 1, 1, 1, 1, 1, 1, 1, 1, 1, 1, 1, 1, 1, 1, 1, 1, 1]',23,'Normal range');
INSERT INTO mentalhealth_dassresult VALUES(10,'2025-06-25 15:20:51.464111',14,14,14,'Moderate depression','Moderate anxiety','[1, 1, 1, 1, 1, 1, 1, 1, 1, 1, 1, 1, 1, 1, 1, 1, 1, 1, 1, 1, 1]',23,'Normal range');
INSERT INTO mentalhealth_dassresult VALUES(11,'2025-06-25 15:26:36.407289',28,28,28,'Extremely severe depression','Extremely severe anxiety','[2, 2, 2, 2, 2, 2, 2, 2, 2, 2, 2, 2, 2, 2, 2, 2, 2, 2, 2, 2, 2]',23,'Severe stress');
INSERT INTO mentalhealth_dassresult VALUES(12,'2025-06-25 15:28:56.979760',0,0,0,'Normal range','Normal range','[0, 0, 0, 0, 0, 0, 0, 0, 0, 0, 0, 0, 0, 0, 0, 0, 0, 0, 0, 0, 0]',23,'Normal range');
INSERT INTO mentalhealth_dassresult VALUES(13,'2025-06-25 15:37:30.802756',14,14,14,'Moderate depression','Moderate anxiety','[1, 1, 1, 1, 1, 1, 1, 1, 1, 1, 1, 1, 1, 1, 1, 1, 1, 1, 1, 1, 1]',23,'Normal range');
INSERT INTO mentalhealth_dassresult VALUES(14,'2025-06-25 15:40:58.417383',0,0,0,'Normal range','Normal range','[0, 0, 0, 0, 0, 0, 0, 0, 0, 0, 0, 0, 0, 0, 0, 0, 0, 0, 0, 0, 0]',23,'Normal range');
INSERT INTO mentalhealth_dassresult VALUES(15,'2025-06-25 15:49:38.389861',0,0,6,'Normal range','Normal range','[3, 0, 0, 0, 0, 0, 0, 0, 0, 0, 0, 0, 0, 0, 0, 0, 0, 0, 0, 0, 0]',23,'Normal range');
INSERT INTO mentalhealth_dassresult VALUES(16,'2025-06-25 15:50:41.753128',0,0,0,'Normal range','Normal range','[0, 0, 0, 0, 0, 0, 0, 0, 0, 0, 0, 0, 0, 0, 0, 0, 0, 0, 0, 0, 0]',23,'Normal range');
INSERT INTO mentalhealth_dassresult VALUES(17,'2025-06-26 00:25:16.507130',14,14,14,'Moderate depression','Moderate anxiety','[1, 1, 1, 1, 1, 1, 1, 1, 1, 1, 1, 1, 1, 1, 1, 1, 1, 1, 1, 1, 1]',23,'Normal range');
INSERT INTO mentalhealth_dassresult VALUES(18,'2025-06-27 09:56:30.774805',14,14,14,'Moderate depression','Moderate anxiety','[1, 1, 1, 1, 1, 1, 1, 1, 1, 1, 1, 1, 1, 1, 1, 1, 1, 1, 1, 1, 1]',23,'Normal range');
INSERT INTO mentalhealth_dassresult VALUES(19,'2025-06-27 09:59:45.756075',14,14,14,'Moderate depression','Moderate anxiety','[1, 1, 1, 1, 1, 1, 1, 1, 1, 1, 1, 1, 1, 1, 1, 1, 1, 1, 1, 1, 1]',23,'Normal range');
INSERT INTO mentalhealth_dassresult VALUES(20,'2025-06-27 10:21:07.344632',14,14,14,'Moderate depression','Moderate anxiety','[1, 1, 1, 1, 1, 1, 1, 1, 1, 1, 1, 1, 1, 1, 1, 1, 1, 1, 1, 1, 1]',27,'Normal range');
INSERT INTO mentalhealth_dassresult VALUES(21,'2025-06-27 10:34:39.595103',14,14,14,'Moderate depression','Moderate anxiety','[1, 1, 1, 1, 1, 1, 1, 1, 1, 1, 1, 1, 1, 1, 1, 1, 1, 1, 1, 1, 1]',27,'Normal range');
INSERT INTO mentalhealth_dassresult VALUES(22,'2025-06-27 10:35:48.479540',14,14,14,'Moderate depression','Moderate anxiety','[1, 1, 1, 1, 1, 1, 1, 1, 1, 1, 1, 1, 1, 1, 1, 1, 1, 1, 1, 1, 1]',27,'Normal range');
INSERT INTO mentalhealth_dassresult VALUES(23,'2025-06-27 10:36:58.307120',14,14,14,'Moderate depression','Moderate anxiety','[1, 1, 1, 1, 1, 1, 1, 1, 1, 1, 1, 1, 1, 1, 1, 1, 1, 1, 1, 1, 1]',27,'Normal range');
INSERT INTO mentalhealth_dassresult VALUES(24,'2025-06-27 10:43:36.297112',14,14,14,'Moderate depression','Moderate anxiety','[1, 1, 1, 1, 1, 1, 1, 1, 1, 1, 1, 1, 1, 1, 1, 1, 1, 1, 1, 1, 1]',27,'Normal range');
INSERT INTO mentalhealth_dassresult VALUES(25,'2025-06-27 10:57:14.831819',14,14,14,'Moderate depression','Moderate anxiety','[1, 1, 1, 1, 1, 1, 1, 1, 1, 1, 1, 1, 1, 1, 1, 1, 1, 1, 1, 1, 1]',27,'Normal range');
INSERT INTO mentalhealth_dassresult VALUES(26,'2025-06-27 11:03:49.698323',14,14,14,'Moderate depression','Moderate anxiety','[1, 1, 1, 1, 1, 1, 1, 1, 1, 1, 1, 1, 1, 1, 1, 1, 1, 1, 1, 1, 1]',27,'Normal range');
INSERT INTO mentalhealth_dassresult VALUES(27,'2025-06-27 11:10:26.815547',14,14,14,'Moderate depression','Moderate anxiety','[1, 1, 1, 1, 1, 1, 1, 1, 1, 1, 1, 1, 1, 1, 1, 1, 1, 1, 1, 1, 1]',27,'Normal range');
INSERT INTO mentalhealth_dassresult VALUES(28,'2025-06-29 01:22:18.486690',14,14,14,'Moderate depression','Moderate anxiety','[1, 1, 1, 1, 1, 1, 1, 1, 1, 1, 1, 1, 1, 1, 1, 1, 1, 1, 1, 1, 1]',23,'Normal range');
INSERT INTO mentalhealth_dassresult VALUES(29,'2025-06-29 01:22:49.095193',14,14,14,'Moderate depression','Moderate anxiety','[1, 1, 1, 1, 1, 1, 1, 1, 1, 1, 1, 1, 1, 1, 1, 1, 1, 1, 1, 1, 1]',27,'Normal range');
INSERT INTO mentalhealth_dassresult VALUES(30,'2025-06-29 01:26:42.911535',14,14,14,'Moderate depression','Moderate anxiety','[1, 1, 1, 1, 1, 1, 1, 1, 1, 1, 1, 1, 1, 1, 1, 1, 1, 1, 1, 1, 1]',23,'Normal range');
INSERT INTO mentalhealth_dassresult VALUES(31,'2025-06-29 01:29:40.742137',14,14,14,'Moderate depression','Moderate anxiety','[1, 1, 1, 1, 1, 1, 1, 1, 1, 1, 1, 1, 1, 1, 1, 1, 1, 1, 1, 1, 1]',23,'Normal range');
INSERT INTO mentalhealth_dassresult VALUES(32,'2025-06-29 01:32:06.936525',14,14,14,'Moderate depression','Moderate anxiety','[1, 1, 1, 1, 1, 1, 1, 1, 1, 1, 1, 1, 1, 1, 1, 1, 1, 1, 1, 1, 1]',23,'Normal range');
INSERT INTO mentalhealth_dassresult VALUES(33,'2025-06-29 01:33:14.772656',14,14,18,'Moderate depression','Moderate anxiety','[3, 1, 1, 1, 1, 1, 1, 1, 1, 1, 1, 1, 1, 1, 1, 1, 1, 1, 1, 1, 1]',23,'Mild stress');
INSERT INTO mentalhealth_dassresult VALUES(34,'2025-06-29 01:53:13.579434',14,14,14,'Moderate depression','Moderate anxiety','[1, 1, 1, 1, 1, 1, 1, 1, 1, 1, 1, 1, 1, 1, 1, 1, 1, 1, 1, 1, 1]',27,'Normal range');
INSERT INTO mentalhealth_dassresult VALUES(35,'2025-06-29 02:11:21.161655',14,14,14,'Moderate depression','Moderate anxiety','[1, 1, 1, 1, 1, 1, 1, 1, 1, 1, 1, 1, 1, 1, 1, 1, 1, 1, 1, 1, 1]',23,'Normal range');
INSERT INTO mentalhealth_dassresult VALUES(36,'2025-06-29 02:14:02.937434',14,14,14,'Moderate depression','Moderate anxiety','[1, 1, 1, 1, 1, 1, 1, 1, 1, 1, 1, 1, 1, 1, 1, 1, 1, 1, 1, 1, 1]',23,'Normal range');
INSERT INTO mentalhealth_dassresult VALUES(37,'2025-06-29 02:18:00.033297',14,14,18,'Moderate depression','Moderate anxiety','[3, 1, 1, 1, 1, 1, 1, 1, 1, 1, 1, 1, 1, 1, 1, 1, 1, 1, 1, 1, 1]',23,'Mild stress');
INSERT INTO mentalhealth_dassresult VALUES(38,'2025-07-03 01:43:29.374162',14,14,14,'Moderate depression','Moderate anxiety','[1, 1, 1, 1, 1, 1, 1, 1, 1, 1, 1, 1, 1, 1, 1, 1, 1, 1, 1, 1, 1]',23,'Normal range');
INSERT INTO mentalhealth_dassresult VALUES(39,'2025-07-03 01:50:15.906154',14,14,14,'Moderate depression','Moderate anxiety','[1, 1, 1, 1, 1, 1, 1, 1, 1, 1, 1, 1, 1, 1, 1, 1, 1, 1, 1, 1, 1]',23,'Normal range');
INSERT INTO mentalhealth_dassresult VALUES(40,'2025-07-03 02:52:16.689460',14,14,14,'Moderate depression','Moderate anxiety','[1, 1, 1, 1, 1, 1, 1, 1, 1, 1, 1, 1, 1, 1, 1, 1, 1, 1, 1, 1, 1]',23,'Normal range');
INSERT INTO mentalhealth_dassresult VALUES(41,'2025-07-06 00:44:12.662869',14,14,14,'Moderate depression','Moderate anxiety','[1, 1, 1, 1, 1, 1, 1, 1, 1, 1, 1, 1, 1, 1, 1, 1, 1, 1, 1, 1, 1]',23,'Normal range');
INSERT INTO mentalhealth_dassresult VALUES(42,'2025-07-07 03:13:17.181750',14,14,14,'Moderate depression','Moderate anxiety','[1, 1, 1, 1, 1, 1, 1, 1, 1, 1, 1, 1, 1, 1, 1, 1, 1, 1, 1, 1, 1]',23,'Normal range');
INSERT INTO mentalhealth_dassresult VALUES(43,'2025-07-16 00:40:09.273612',14,14,14,'Moderate depression','Moderate anxiety','[1, 1, 1, 1, 1, 1, 1, 1, 1, 1, 1, 1, 1, 1, 1, 1, 1, 1, 1, 1, 1]',23,'Normal range');
INSERT INTO mentalhealth_dassresult VALUES(44,'2025-07-16 02:35:50.349066',0,0,0,'Normal range','Normal range','[0, 0, 0, 0, 0, 0, 0, 0, 0, 0, 0, 0, 0, 0, 0, 0, 0, 0, 0, 0, 0]',23,'Normal range');
INSERT INTO mentalhealth_dassresult VALUES(45,'2025-07-16 02:44:37.667163',14,14,14,'Moderate depression','Moderate anxiety','[1, 1, 1, 1, 1, 1, 1, 1, 1, 1, 1, 1, 1, 1, 1, 1, 1, 1, 1, 1, 1]',23,'Normal range');
INSERT INTO mentalhealth_dassresult VALUES(46,'2025-07-16 03:53:48.916086',14,14,14,'Moderate depression','Moderate anxiety','[1, 1, 1, 1, 1, 1, 1, 1, 1, 1, 1, 1, 1, 1, 1, 1, 1, 1, 1, 1, 1]',23,'Normal range');
INSERT INTO mentalhealth_dassresult VALUES(47,'2025-07-16 03:58:17.353032',0,0,0,'Normal range','Normal range','[0, 0, 0, 0, 0, 0, 0, 0, 0, 0, 0, 0, 0, 0, 0, 0, 0, 0, 0, 0, 0]',23,'Normal range');
INSERT INTO mentalhealth_dassresult VALUES(48,'2025-07-16 04:08:02.978611',0,0,0,'Normal range','Normal range','[0, 0, 0, 0, 0, 0, 0, 0, 0, 0, 0, 0, 0, 0, 0, 0, 0, 0, 0, 0, 0]',23,'Normal range');
INSERT INTO mentalhealth_dassresult VALUES(49,'2025-07-16 04:23:42.171552',14,14,14,'Moderate depression','Moderate anxiety','[1, 1, 1, 1, 1, 1, 1, 1, 1, 1, 1, 1, 1, 1, 1, 1, 1, 1, 1, 1, 1]',45,'Normal range');
INSERT INTO mentalhealth_dassresult VALUES(50,'2025-07-16 04:27:51.282081',14,14,14,'Moderate depression','Moderate anxiety','[1, 1, 1, 1, 1, 1, 1, 1, 1, 1, 1, 1, 1, 1, 1, 1, 1, 1, 1, 1, 1]',46,'Normal range');
INSERT INTO mentalhealth_dassresult VALUES(51,'2025-07-16 04:36:59.377944',42,42,42,'Extremely severe depression','Extremely severe anxiety','[3, 3, 3, 3, 3, 3, 3, 3, 3, 3, 3, 3, 3, 3, 3, 3, 3, 3, 3, 3, 3]',45,'Extremely severe stress');
INSERT INTO mentalhealth_dassresult VALUES(52,'2025-07-16 14:34:58.821922',14,14,14,'Moderate depression','Moderate anxiety','[1, 1, 1, 1, 1, 1, 1, 1, 1, 1, 1, 1, 1, 1, 1, 1, 1, 1, 1, 1, 1]',23,'Normal range');
INSERT INTO mentalhealth_dassresult VALUES(53,'2025-07-16 14:38:35.790343',14,14,14,'Moderate depression','Moderate anxiety','[1, 1, 1, 1, 1, 1, 1, 1, 1, 1, 1, 1, 1, 1, 1, 1, 1, 1, 1, 1, 1]',23,'Normal range');
INSERT INTO mentalhealth_dassresult VALUES(54,'2025-07-18 00:18:17.207456',14,14,14,'Moderate depression','Moderate anxiety','[1, 1, 1, 1, 1, 1, 1, 1, 1, 1, 1, 1, 1, 1, 1, 1, 1, 1, 1, 1, 1]',23,'Normal range');
INSERT INTO mentalhealth_dassresult VALUES(55,'2025-07-18 01:30:59.032436',14,14,14,'Moderate depression','Moderate anxiety','[1, 1, 1, 1, 1, 1, 1, 1, 1, 1, 1, 1, 1, 1, 1, 1, 1, 1, 1, 1, 1]',50,'Normal range');
INSERT INTO mentalhealth_dassresult VALUES(56,'2025-07-18 01:39:39.126761',14,14,14,'Moderate depression','Moderate anxiety','[1, 1, 1, 1, 1, 1, 1, 1, 1, 1, 1, 1, 1, 1, 1, 1, 1, 1, 1, 1, 1]',50,'Normal range');
INSERT INTO mentalhealth_dassresult VALUES(57,'2025-07-18 01:42:54.132479',42,42,42,'Extremely severe depression','Extremely severe anxiety','[3, 3, 3, 3, 3, 3, 3, 3, 3, 3, 3, 3, 3, 3, 3, 3, 3, 3, 3, 3, 3]',51,'Extremely severe stress');
INSERT INTO mentalhealth_dassresult VALUES(58,'2025-07-18 01:57:35.417594',14,14,14,'Moderate depression','Moderate anxiety','[1, 1, 1, 1, 1, 1, 1, 1, 1, 1, 1, 1, 1, 1, 1, 1, 1, 1, 1, 1, 1]',23,'Normal range');
INSERT INTO mentalhealth_dassresult VALUES(59,'2025-07-18 02:14:15.652077',28,28,28,'Extremely severe depression','Extremely severe anxiety','[2, 2, 2, 2, 2, 2, 2, 2, 2, 2, 2, 2, 2, 2, 2, 2, 2, 2, 2, 2, 2]',50,'Severe stress');
INSERT INTO mentalhealth_dassresult VALUES(60,'2025-07-18 02:22:20.651574',0,0,0,'Normal range','Normal range','[0, 0, 0, 0, 0, 0, 0, 0, 0, 0, 0, 0, 0, 0, 0, 0, 0, 0, 0, 0, 0]',23,'Normal range');
INSERT INTO mentalhealth_dassresult VALUES(61,'2025-07-18 03:23:10.590197',14,14,14,'Moderate depression','Moderate anxiety','[1, 1, 1, 1, 1, 1, 1, 1, 1, 1, 1, 1, 1, 1, 1, 1, 1, 1, 1, 1, 1]',23,'Normal range');
INSERT INTO mentalhealth_dassresult VALUES(62,'2025-07-19 05:18:46.199550',14,10,8,'Moderate','Mild','[1, 2, 1, 3, 2, 1, 2, 1, 3, 2, 1, 2, 1, 3, 2, 1, 2, 1, 3, 2, 1]',1,'Normal');
INSERT INTO mentalhealth_dassresult VALUES(63,'2025-07-19 05:48:21.662572',12,8,16,'Mild','Mild','[1, 2, 1, 0, 2, 1, 0, 1, 2, 1, 0, 2, 1, 0, 1, 2, 1, 0, 2, 1, 0]',1,'Mild');
INSERT INTO mentalhealth_dassresult VALUES(64,'2025-07-19 06:13:58.269670',14,14,14,'Moderate','Moderate','[1, 1, 1, 1, 1, 1, 1, 1, 1, 1, 1, 1, 1, 1, 1, 1, 1, 1, 1, 1, 1]',23,'Normal');
INSERT INTO mentalhealth_dassresult VALUES(65,'2025-07-19 06:14:26.922320',14,14,14,'Moderate','Moderate','[1, 1, 1, 1, 1, 1, 1, 1, 1, 1, 1, 1, 1, 1, 1, 1, 1, 1, 1, 1, 1]',54,'Normal');
INSERT INTO mentalhealth_dassresult VALUES(66,'2025-07-19 06:15:00.972590',28,28,28,'Extremely Severe','Extremely Severe','[2, 2, 2, 2, 2, 2, 2, 2, 2, 2, 2, 2, 2, 2, 2, 2, 2, 2, 2, 2, 2]',54,'Severe');
INSERT INTO mentalhealth_dassresult VALUES(67,'2025-07-19 06:20:54.924284',14,14,14,'Moderate','Moderate','[1, 1, 1, 1, 1, 1, 1, 1, 1, 1, 1, 1, 1, 1, 1, 1, 1, 1, 1, 1, 1]',54,'Normal');
INSERT INTO mentalhealth_dassresult VALUES(68,'2025-07-19 11:34:31.457881',14,14,14,'Moderate','Moderate','[1, 1, 1, 1, 1, 1, 1, 1, 1, 1, 1, 1, 1, 1, 1, 1, 1, 1, 1, 1, 1, 1]',23,'Normal');
INSERT INTO mentalhealth_dassresult VALUES(69,'2025-07-19 11:34:31.488872',14,14,14,'Moderate','Moderate','[1, 1, 1, 1, 1, 1, 1, 1, 1, 1, 1, 1, 1, 1, 1, 1, 1, 1, 1, 1, 1, 1]',23,'Normal');
INSERT INTO mentalhealth_dassresult VALUES(70,'2025-07-19 14:07:59.542990',14,14,14,'Moderate','Moderate','[1, 1, 1, 1, 1, 1, 1, 1, 1, 1, 1, 1, 1, 1, 1, 1, 1, 1, 1, 1, 1]',23,'Normal');
INSERT INTO mentalhealth_dassresult VALUES(71,'2025-07-19 14:08:56.723847',14,14,14,'Moderate','Moderate','[1, 1, 1, 1, 1, 1, 1, 1, 1, 1, 1, 1, 1, 1, 1, 1, 1, 1, 1, 1, 1, 1]',23,'Normal');
INSERT INTO mentalhealth_dassresult VALUES(72,'2025-07-19 14:08:56.765138',14,14,14,'Moderate','Moderate','[1, 1, 1, 1, 1, 1, 1, 1, 1, 1, 1, 1, 1, 1, 1, 1, 1, 1, 1, 1, 1, 1]',23,'Normal');
INSERT INTO mentalhealth_dassresult VALUES(73,'2025-07-20 00:54:28.666823',14,14,14,'Moderate','Moderate','[1, 1, 1, 1, 1, 1, 1, 1, 1, 1, 1, 1, 1, 1, 1, 1, 1, 1, 1, 1, 1]',50,'Normal');
INSERT INTO mentalhealth_dassresult VALUES(74,'2025-07-20 01:06:43.414991',14,14,14,'Moderate','Moderate','[1, 1, 1, 1, 1, 1, 1, 1, 1, 1, 1, 1, 1, 1, 1, 1, 1, 1, 1, 1, 1]',23,'Normal');
INSERT INTO mentalhealth_dassresult VALUES(75,'2025-07-20 01:10:46.243963',0,0,0,'Normal','Normal','[0, 0, 0, 0, 0, 0, 0, 0, 0, 0, 0, 0, 0, 0, 0, 0, 0, 0, 0, 0, 0]',23,'Normal');
INSERT INTO mentalhealth_dassresult VALUES(76,'2025-07-20 01:47:35.334810',14,14,14,'Moderate','Moderate','[1, 1, 1, 1, 1, 1, 1, 1, 1, 1, 1, 1, 1, 1, 1, 1, 1, 1, 1, 1, 1]',50,'Normal');
INSERT INTO mentalhealth_dassresult VALUES(77,'2025-07-20 05:17:32.227601',14,14,14,'Moderate','Moderate','[1, 1, 1, 1, 1, 1, 1, 1, 1, 1, 1, 1, 1, 1, 1, 1, 1, 1, 1, 1, 1]',50,'Normal');
INSERT INTO mentalhealth_dassresult VALUES(78,'2025-07-20 05:23:01.751896',14,14,14,'Moderate','Moderate','[1, 1, 1, 1, 1, 1, 1, 1, 1, 1, 1, 1, 1, 1, 1, 1, 1, 1, 1, 1, 1]',50,'Normal');
INSERT INTO mentalhealth_dassresult VALUES(79,'2025-07-20 05:23:48.631670',28,28,30,'Extremely Severe','Extremely Severe','[3, 2, 2, 2, 2, 2, 2, 2, 2, 2, 2, 2, 2, 2, 2, 2, 2, 2, 2, 2, 2]',50,'Severe');
INSERT INTO mentalhealth_dassresult VALUES(80,'2025-07-20 05:37:28.811536',14,14,14,'Moderate','Moderate','[1, 1, 1, 1, 1, 1, 1, 1, 1, 1, 1, 1, 1, 1, 1, 1, 1, 1, 1, 1, 1]',50,'Normal');
INSERT INTO mentalhealth_dassresult VALUES(81,'2025-07-20 05:40:18.801261',14,14,14,'Moderate','Moderate','[1, 1, 1, 1, 1, 1, 1, 1, 1, 1, 1, 1, 1, 1, 1, 1, 1, 1, 1, 1, 1]',50,'Normal');
INSERT INTO mentalhealth_dassresult VALUES(82,'2025-07-20 05:43:15.054196',14,14,14,'Moderate','Moderate','[1, 1, 1, 1, 1, 1, 1, 1, 1, 1, 1, 1, 1, 1, 1, 1, 1, 1, 1, 1, 1]',50,'Normal');
INSERT INTO mentalhealth_dassresult VALUES(83,'2025-07-20 05:48:17.279611',28,28,28,'Extremely Severe','Extremely Severe','[2, 2, 2, 2, 2, 2, 2, 2, 2, 2, 2, 2, 2, 2, 2, 2, 2, 2, 2, 2, 2]',50,'Severe');
INSERT INTO mentalhealth_dassresult VALUES(84,'2025-07-20 14:20:43.481317',14,14,14,'Moderate','Moderate','[1, 1, 1, 1, 1, 1, 1, 1, 1, 1, 1, 1, 1, 1, 1, 1, 1, 1, 1, 1, 1]',23,'Normal');
INSERT INTO mentalhealth_dassresult VALUES(85,'2025-07-20 14:21:16.190595',14,14,14,'Moderate','Moderate','[1, 1, 1, 1, 1, 1, 1, 1, 1, 1, 1, 1, 1, 1, 1, 1, 1, 1, 1, 1, 1]',23,'Normal');
INSERT INTO mentalhealth_dassresult VALUES(86,'2025-07-21 00:45:47.445056',14,14,14,'Moderate','Moderate','[1, 1, 1, 1, 1, 1, 1, 1, 1, 1, 1, 1, 1, 1, 1, 1, 1, 1, 1, 1, 1]',23,'Normal');
INSERT INTO mentalhealth_dassresult VALUES(87,'2025-08-04 02:31:52.745894',14,14,14,'Moderate','Moderate','[1, 1, 1, 1, 1, 1, 1, 1, 1, 1, 1, 1, 1, 1, 1, 1, 1, 1, 1, 1, 1, 1]',50,'Normal');
INSERT INTO mentalhealth_dassresult VALUES(88,'2025-08-04 02:31:52.785946',14,14,14,'Moderate','Moderate','[1, 1, 1, 1, 1, 1, 1, 1, 1, 1, 1, 1, 1, 1, 1, 1, 1, 1, 1, 1, 1, 1]',50,'Normal');
INSERT INTO mentalhealth_dassresult VALUES(89,'2025-08-08 12:07:39.429404',14,14,14,'Moderate','Moderate','[1, 1, 1, 1, 1, 1, 1, 1, 1, 1, 1, 1, 1, 1, 1, 1, 1, 1, 1, 1, 1]',50,'Normal');
INSERT INTO mentalhealth_dassresult VALUES(90,'2025-08-10 03:03:57.355106',14,14,14,'Moderate','Moderate','[1, 1, 1, 1, 1, 1, 1, 1, 1, 1, 1, 1, 1, 1, 1, 1, 1, 1, 1, 1, 1]',57,'Normal');
INSERT INTO mentalhealth_dassresult VALUES(91,'2025-08-20 05:41:01.512475',14,14,14,'Moderate','Moderate','[1, 1, 1, 1, 1, 1, 1, 1, 1, 1, 1, 1, 1, 1, 1, 1, 1, 1, 1, 1, 1, 1]',50,'Normal');
INSERT INTO mentalhealth_dassresult VALUES(92,'2025-08-20 05:41:01.598250',14,14,14,'Moderate','Moderate','[1, 1, 1, 1, 1, 1, 1, 1, 1, 1, 1, 1, 1, 1, 1, 1, 1, 1, 1, 1, 1, 1]',50,'Normal');
INSERT INTO mentalhealth_dassresult VALUES(93,'2025-08-20 05:41:20.174000',14,14,14,'Moderate','Moderate','[1, 1, 1, 1, 1, 1, 1, 1, 1, 1, 1, 1, 1, 1, 1, 1, 1, 1, 1, 1, 1]',50,'Normal');
INSERT INTO mentalhealth_dassresult VALUES(94,'2025-08-20 06:00:24.494702',28,26,26,'Extremely Severe','Extremely Severe','[1, 1, 2, 2, 2, 2, 2, 2, 2, 2, 2, 2, 2, 2, 2, 2, 2, 2, 2, 2, 2, 2]',50,'Severe');
INSERT INTO mentalhealth_dassresult VALUES(95,'2025-08-20 06:00:24.501734',28,26,26,'Extremely Severe','Extremely Severe','[1, 1, 2, 2, 2, 2, 2, 2, 2, 2, 2, 2, 2, 2, 2, 2, 2, 2, 2, 2, 2, 2]',50,'Severe');
INSERT INTO mentalhealth_dassresult VALUES(96,'2025-08-20 06:13:33.673845',14,14,14,'Moderate','Moderate','[1, 1, 1, 1, 1, 1, 1, 1, 1, 1, 1, 1, 1, 1, 1, 1, 1, 1, 1, 1, 1]',50,'Normal');
INSERT INTO mentalhealth_dassresult VALUES(97,'2025-09-02 04:29:27.532662',14,14,14,'Moderate','Moderate','[1, 1, 1, 1, 1, 1, 1, 1, 1, 1, 1, 1, 1, 1, 1, 1, 1, 1, 1, 1, 1]',50,'Normal');
INSERT INTO mentalhealth_dassresult VALUES(98,'2025-09-02 06:10:41.922505',14,14,14,'Moderate','Moderate','[1, 1, 1, 1, 1, 1, 1, 1, 1, 1, 1, 1, 1, 1, 1, 1, 1, 1, 1, 1, 1]',50,'Normal');
CREATE TABLE IF NOT EXISTS "django_admin_log" ("id" integer NOT NULL PRIMARY KEY , "object_id" text NULL, "object_repr" varchar(200) NOT NULL, "action_flag" smallint unsigned NOT NULL CHECK ("action_flag" >= 0), "change_message" text NOT NULL, "content_type_id" integer NULL REFERENCES "django_content_type" ("id") DEFERRABLE INITIALLY DEFERRED, "user_id" bigint NOT NULL REFERENCES "custom_user" ("id") DEFERRABLE INITIALLY DEFERRED, "action_time" datetime NOT NULL);
CREATE TABLE IF NOT EXISTS "custom_user" ("id" integer NOT NULL PRIMARY KEY , "password" varchar(128) NOT NULL, "last_login" datetime NULL, "is_superuser" bool NOT NULL, "username" varchar(150) NOT NULL UNIQUE, "first_name" varchar(150) NOT NULL, "last_name" varchar(150) NOT NULL, "is_staff" bool NOT NULL, "is_active" bool NOT NULL, "date_joined" datetime NOT NULL, "email" varchar(254) NOT NULL UNIQUE, "email_verified" bool NOT NULL, "verification_token" varchar(64) NULL, "student_id" varchar(20) NOT NULL UNIQUE, "age" integer unsigned NULL CHECK ("age" >= 0), "full_name" varchar(255) NOT NULL, "gender" varchar(20) NOT NULL, "college" varchar(10) NOT NULL, "program" varchar(255) NOT NULL, "year_level" varchar(2) NOT NULL, "created_at" datetime NOT NULL, "updated_at" datetime NOT NULL, "profile_picture" varchar(100) NULL);
INSERT INTO custom_user VALUES(1,'pbkdf2_sha256$870000$2ydTX24WPu8PLW5cdK8uAc$GBRDzcOzF0JL/nHMzluSa2MAuTwumhdYBf8rnva+Z4U=','2025-09-02 04:25:42.891435',1,'hansa','','',1,1,'2025-06-23 11:10:45.334025','fdavedamond@gmail.com',1,'','admin000',0,'Admin User','Prefer not to say','CBA','Administration','4','2025-06-23 11:10:46.329288','2025-06-23 11:10:46.329288',NULL);
INSERT INTO custom_user VALUES(2,'pbkdf2_sha256$870000$GQQqsgY2zt0mOB4yONiVWe$u211y6E6CmxB83dMAGcOtkSiXc21raKJyeISqnqzX6c=','2025-06-24 03:44:05.146663',0,'Tarkov','','',0,1,'2025-06-24 03:44:03.288434','tarkov@clsu2.edu.ph',0,'','22-1726',21,'Tarkov','Male','COF','Bachelor of Science in Fisheries','2','2025-06-24 03:44:05.105560','2025-06-24 03:44:05.105560',NULL);
INSERT INTO custom_user VALUES(3,'pbkdf2_sha256$870000$X7vZCHhDIOrQE1ZPARNib0$voWWU/m7GSrj6wt2R81+kj9cMUebqFpxdnRQ/bz+GM4=',NULL,0,'Otto','','',0,0,'2025-06-24 04:01:27.796587','otto.gunshe@clsu2.edu.ph',0,'','23-1726',21,'Otto','Male','COF','Bachelor of Science in Fisheries','1','2025-06-24 04:01:29.788225','2025-06-24 04:01:29.804553',NULL);
INSERT INTO custom_user VALUES(23,'pbkdf2_sha256$870000$Uk1agRIYkFXGoa1RHLVYBg$wUUwBhWLZ2E4eE+cvdebqsekyjXtOULaxiin/eJWm20=','2025-07-23 01:07:10.257112',0,'div','','',0,1,'2025-06-24 13:21:10.528647','fdave.pararuan@clsu2.edu.ph',1,'','22-1728',21,'F. Dave Pararuan','Male','CEN','Bachelor of Science in Information Technology','2','2025-06-24 13:21:11.539752','2025-07-19 04:21:51.481639','users/Swole_Sergeant.png');
INSERT INTO custom_user VALUES(24,'pbkdf2_sha256$870000$yUejlOXwZZr4l3PyNEVlRW$Dm7c+7WKmb1L2KJVnznWA2t8AR5pC7ZsySVRl6ZUPsI=','2025-06-24 15:48:21.308980',0,'Otter','','',0,1,'2025-06-24 15:47:36.795943','otter@clsu2.edu.ph',0,'','22-1923',23,'Otera','Male','CBA','Bachelor of Science in Management Accounting','4','2025-06-24 15:47:37.906671','2025-06-24 15:48:04.393477',NULL);
INSERT INTO custom_user VALUES(25,'pbkdf2_sha256$870000$KaBDLtB6KClMvGJ5AwnARw$Nd+iHKp/BKKDzc6YsbBEghyoJtnDrfBNfgF5HO8I//8=',NULL,0,'david','','',0,0,'2025-06-24 15:52:33.475448','david.joe@clsu2.edu.ph',0,'','24-1000',21,'David Joe','Male','CASS','Bachelor of Arts in English','1','2025-06-24 15:52:34.509010','2025-06-24 15:52:34.509010',NULL);
INSERT INTO custom_user VALUES(26,'pbkdf2_sha256$870000$xJPFRKW1LhFmoIsqLJRRBm$qjX5fWYvuYpT8COWpEDEIzsYkSb4YpJ3ey31veGYZKA=',NULL,0,'Mak','','',0,0,'2025-06-27 10:17:35.594735','mark.baliguat@clsu2.edu.ph',0,'','22-1924',23,'Mark Andrew Baliguat','Male','CEN','Bachelor of Science in Information Technology','2','2025-06-27 10:17:36.619508','2025-06-27 10:17:36.619508',NULL);
INSERT INTO custom_user VALUES(27,'pbkdf2_sha256$870000$YXbAjrGR0Sf8bt6ZAmZFkB$zoj8mS/FLN62eJO5EJFBbAbLfq09EN6S1PXNutdAVzc=','2025-07-07 03:18:09.179500',0,'Kyle','','',0,1,'2025-06-27 10:19:20.856692','marcelo.kyle@clsu2.edu.ph',1,NULL,'22-9212',21,'Marl Kyle Alexis C. Marcelo','Male','CEN','Bachelor of Science in Information Technology','3','2025-06-27 10:19:21.974715','2025-06-29 01:53:05.911153',NULL);
INSERT INTO custom_user VALUES(28,'pbkdf2_sha256$870000$SHljvx60h5Sbnm9Kk5Hyt0$iHh2ikjggTO+FcEyhJ5Fetb3utZbQbh4oJYvPJmjcwI=',NULL,0,'jane.doe','','',1,1,'2025-07-06 04:26:20.000613','jane.doe@clsu2.edu.ph',0,'hHhMgbtef2nsV8sbW8eRKETgNWNt61VL3zClG2xtgJniy4d5LseEC1jvVCuS8lpZ','',NULL,'Jane Doe','','','','','2025-07-06 04:26:21.005047','2025-07-06 04:26:21.044450',NULL);
INSERT INTO custom_user VALUES(30,'pbkdf2_sha256$870000$JRXmA7Iy5lDZY6WfxXzlOI$EQvSa0UF/xPEGCTYhxfNswEst0AgAQzZgBRctUoPvuA=','2025-07-07 03:11:17.991558',0,'Irish','','',0,0,'2025-07-07 03:10:54.065259','irish.john@clsu2.edu.ph',1,NULL,'22-1111',23,'Irish John C. Jacinto','Male','CEN','Bachelor of Science in Information Technology','3','2025-07-07 03:10:55.802806','2025-07-07 03:11:17.935747',NULL);
INSERT INTO custom_user VALUES(31,'pbkdf2_sha256$870000$vV5b72QfINc7Ty3vd93h1v$pmMDIeQwA63uzWjpgavX7z/qGaOaMNffaMBTCDbCcUw=',NULL,0,'john.mirafelix','','',1,1,'2025-07-08 00:34:08.027639','john.mirafelix@clsu2.edu.ph',1,NULL,'staff-uNq1DL7Z',0,'John Basty Mirafelix','Prefer not to say','CBA','Staff','4','2025-07-08 00:34:09.226059','2025-07-08 00:34:09.226059',NULL);
INSERT INTO custom_user VALUES(32,'pbkdf2_sha256$870000$UAu6X4CQULuzW3zscCfUFh$xZBpJmdK/VscuVykuXCBUrtVRpvM0BGICzqD3UxnbWo=',NULL,0,'junsahur','','',1,1,'2025-07-08 00:36:20.683071','junsahur@clsu2.edu.ph',1,NULL,'staff-EhPjAIO1',0,'Jun-Jun Sahur','Prefer not to say','CBA','Staff','4','2025-07-08 00:36:21.934309','2025-07-08 00:36:21.934309',NULL);
INSERT INTO custom_user VALUES(33,'pbkdf2_sha256$870000$Wi2eLwsQJOuI9s1zD2Qgvu$qM3lJKm7dJKPtN1a4HkcDKz1Z5aOnxPjGIa7KV8fNtM=',NULL,0,'jun.doe','','',1,1,'2025-07-08 01:10:33.919491','jun.doe@clsu2.edu.ph',1,NULL,'staff-4jgQTt1G',0,'Jun Doe','Prefer not to say','CBA','Staff','4','2025-07-08 01:10:35.029895','2025-07-08 01:10:35.029895',NULL);
INSERT INTO custom_user VALUES(34,'pbkdf2_sha256$870000$HztoQOIRa23S8IaTMLgeDw$M91bIAfX/czukRrKslIuZWLucpNOMBFfxJoJ3X9fvEY=',NULL,0,'jan.doe','','',1,1,'2025-07-08 01:17:52.072899','jan.doe@clsu2.edu.ph',1,NULL,'staff-HhlGNPo8',0,'Jan Doe','Prefer not to say','CBA','Staff','4','2025-07-08 01:17:53.181816','2025-07-08 01:17:53.181816',NULL);
INSERT INTO custom_user VALUES(35,'pbkdf2_sha256$870000$7THabYBZ3KmnwMJvfoyLWi$oytFv0jqeJ3ju2YSV1lFtTF6h4k7qmCpYsCKK1xlu4c=',NULL,0,'jen.doe','','',1,1,'2025-07-08 01:27:45.522323','jen.doe@clsu2.edu.ph',1,NULL,'staff-2ywnwtUa',0,'Jen Doe','Prefer not to say','CBA','Staff','4','2025-07-08 01:27:46.576636','2025-07-08 01:27:46.576636',NULL);
INSERT INTO custom_user VALUES(36,'pbkdf2_sha256$870000$449FMhHGsiiSa8JLkzYXy2$zo2sEo9kQg2bOpPR+VVS24LrufThGAFn3Y58NpuRlP0=',NULL,0,'jill.doe','','',1,1,'2025-07-08 01:28:10.032999','jill.doe@clsu2.edu.ph',1,NULL,'staff-64YWjicQ',0,'Jill Doe','Prefer not to say','CBA','Staff','4','2025-07-08 01:28:11.095309','2025-07-08 01:28:11.095309',NULL);
INSERT INTO custom_user VALUES(37,'pbkdf2_sha256$870000$6e1tvsKAhl8JZ9K2tWWqv8$7CKJgYzAJEs56zVEoWTPcCFcgG6rABZbfZnVG/nUs5E=',NULL,0,'gwyn.cinder','','',1,1,'2025-07-08 01:34:34.295599','gwyn.cinder@clsu2.edu.ph',1,NULL,'staff-UZeqkxaP',0,'Gwyn of Cinder','Prefer not to say','CBA','Staff','4','2025-07-08 01:34:35.329792','2025-07-08 01:34:35.329792',NULL);
INSERT INTO custom_user VALUES(38,'pbkdf2_sha256$870000$dBz9YXBuWRHIctblGGFZyq$hFqxSDfHjQ9KdB2jscjCGrrGN1A0r2Gp0hf+Jd5I89k=','2025-07-08 01:49:40.783622',0,'jun.kitagami','','',1,1,'2025-07-08 01:42:33.101534','jun.kitagami@clsu2.edu.ph',1,NULL,'staff-pyEtwSF5',0,'Jun Kitagami','Prefer not to say','CBA','Staff','4','2025-07-08 01:42:34.110797','2025-07-08 01:49:40.732104',NULL);
INSERT INTO custom_user VALUES(39,'pbkdf2_sha256$870000$SCgKT8DxwExN6Km3WCamug$biRG+iEWuG0XPB0cxZ/gGtjaq0NmwP3ywAUM0XqWvuA=','2025-07-10 01:05:43.614148',0,'jan.nam','','',1,1,'2025-07-10 01:05:15.429669','jan.nam@clsu2.edu.ph',1,NULL,'staff-oUJ2bgkL',0,'Jan Nam','Prefer not to say','CBA','Staff','4','2025-07-10 01:05:16.425818','2025-07-10 01:05:43.556759',NULL);
INSERT INTO custom_user VALUES(42,'pbkdf2_sha256$870000$kEtjQshjpRjyUiLdMyrLvo$nkGmeBqypxhnbwAV2kQF6FocQrK+NUrj5P7m7rjnNMI=','2025-09-14 00:51:45.270808',0,'ed.manalo','','',1,1,'2025-07-13 00:37:12.688758','ed.manalo@clsu2.edu.ph',1,NULL,'staff-I0ieLVb4',0,'Ed Manalo','Prefer not to say','CBA','Staff','4','2025-07-13 00:37:13.701127','2025-07-13 00:37:42.875017',NULL);
INSERT INTO custom_user VALUES(43,'pbkdf2_sha256$870000$V91RLMO1wZEqbWriVI7AbF$F2Op27ukFjeoM41ssZC3so/RljbjZDIWT79Asf9Rtr0=','2025-07-20 01:30:32.600899',0,'venom.snake','','',1,1,'2025-07-16 02:45:46.235135','venom.snake@clsu2.edu.ph',1,NULL,'staff-vYt8RxIi',0,'Punished "Venom" Snake','Prefer not to say','CBA','Staff','4','2025-07-16 02:45:47.282168','2025-07-16 02:46:22.530269',NULL);
INSERT INTO custom_user VALUES(44,'pbkdf2_sha256$870000$0NWCucZ1MY17ngqkxbIcZK$nIcsHsXgWIPLsqNGKVXfhzYgOjpVJ4Erd2ZY5/lLvDU=','2025-07-16 04:16:39.736784',0,'Jeilo','','',0,0,'2025-07-16 04:16:24.570639','jeilo.ortiz@clsu2.edu.ph',1,NULL,'22-1920',22,'Jeilo C. Ortiz','Male','CAG','Bachelor of Science in Animal Science','4','2025-07-16 04:16:25.723846','2025-07-16 04:16:39.691918',NULL);
INSERT INTO custom_user VALUES(45,'pbkdf2_sha256$870000$qXJNR8FyYvya1CTNuXDfrz$sYtcvwKmLFZGfSUJ7iT+zpahpf8RajN5UPo5f8bFp3M=','2025-07-18 00:46:09.904783',0,'Ronnie','','',0,1,'2025-07-16 04:21:12.093205','ronnie@clsu2.edu.ph',1,NULL,'23-1029',24,'Ronnie Doe','Male','CEN','Bachelor of Science in Information Technology','4','2025-07-16 04:21:13.142832','2025-07-16 04:21:25.211662',NULL);
INSERT INTO custom_user VALUES(46,'pbkdf2_sha256$870000$ulzkVw1GUyLVnHJSxeCvCQ$DG1faEw+TEO6Mtu9SaNzp9mG1X4LeZ+lv8t+p1srKSI=','2025-07-16 04:27:45.864543',0,'Griffith','','',0,1,'2025-07-16 04:27:37.141344','griffith.doe@clsu2.edu.ph',1,NULL,'24-1025',23,'Griffith','Male','CAG','Bachelor of Science in Animal Science','3','2025-07-16 04:27:38.473649','2025-07-16 04:27:45.820783',NULL);
INSERT INTO custom_user VALUES(50,'pbkdf2_sha256$600000$ImhyHabxA2ZvlBer8wEoqI$bCziy+m3xCAwFaK1cSmk5uDAvkJ953wNoKmb12qbKu8=','2025-09-22 12:11:08.713495',0,'Clyde','','',0,1,'2025-07-18 01:29:26.643378','clyde.david@clsu2.edu.ph',1,'sXQ79sY6kaYUKfnhlI6hhfqDWsak1yogXluPkitQABFhx0pWv27tsR3Tdf9mVGeh','24-2312',21,'Clyde David','Male','COS','Bachelor of Science in Chemistry','4','2025-07-18 01:29:28.025285','2025-07-18 01:29:30.887083',NULL);
INSERT INTO custom_user VALUES(51,'pbkdf2_sha256$870000$0p0qMvO6nok3cC7OB5gma0$usR5WbEekn0SxmhQgCFja/PnlULJi4MjBrZlgIhja04=','2025-07-19 02:30:48.586803',0,'Prince','','',0,1,'2025-07-18 01:41:53.733995','prince.dioso@clsu2.edu.ph',1,'yzJoQXTSbMS06L0XBJxWLTu50M8tt7j2s9v0PEyqHJF9hvyry8ZQyg2LgW5kIFol','24-1235',21,'Prince Dioso','Male','CVSM','Doctor of Veterinary Medicine','3','2025-07-18 01:41:54.983510','2025-07-18 01:41:57.580871',NULL);
INSERT INTO custom_user VALUES(52,'pbkdf2_sha256$870000$6jN8TggHXiPxQinwxwmWvp$pG1zkQ+zNgPXM8E7lzFXD3vRcECOXNrdrdfddmMDu+A=','2025-07-18 03:27:25.788878',0,'jude.harambe','','',1,1,'2025-07-18 03:21:26.828295','jude.harambe@clsu2.edu.ph',1,NULL,'staff-MDRcA53x',0,'Jude Harambe','Prefer not to say','CBA','Staff','4','2025-07-18 03:21:27.848281','2025-07-18 03:22:15.711085',NULL);
INSERT INTO custom_user VALUES(53,'pbkdf2_sha256$870000$VVaJDXpvnQ6gJmoBi4Gc8t$oKJwGCGtve8c9iYlxyEnEXZcOwRYtB4WgqaYNXDacC4=','2025-07-19 03:46:12.991002',0,'juan.luna','','',1,1,'2025-07-19 03:41:10.560262','juan.luna@clsu2.edu.ph',1,NULL,'staff-xKwTL2vi',0,'Juan Luna','Prefer not to say','CBA','Staff','4','2025-07-19 03:41:11.792405','2025-07-19 03:41:37.994939',NULL);
INSERT INTO custom_user VALUES(54,'pbkdf2_sha256$870000$ljsmm3r52lkiWDUvx1g9cL$OQ6wBeS55HJ2lh3X/yGVTC4ZhhgUjMwUm/HfudTDY/c=','2025-07-19 06:20:32.505704',0,'Justine','','',0,1,'2025-07-19 04:47:38.079601','justine.alcaraz@clsu2.edu.ph',1,'jtGPoxuIxsorY3rXnAiIFs3ARns7z54CVbxnRWHfToAnHHSqTBYeVSJmAPoLfea5','22-1229',21,'Justine Arvie P. Alcaraz','Male','CAG','Bachelor of Science in Agribusiness','4','2025-07-19 04:47:39.387069','2025-07-19 04:47:43.538741','');
INSERT INTO custom_user VALUES(55,'pbkdf2_sha256$870000$mUAwLEWCfhLXuMzTrbGIwC$gOtvrSzIwKjwOKeqfdY7f2QYaPXFNnwfiwwqYUqOs7g=',NULL,0,'test_user_sys','','',0,1,'2025-08-10 02:53:48.367466','test@clsu2.edu.ph',0,NULL,'2021-12345',20,'Test User System','M','CEN','Bachelor of Science in Information Technology','3rd Year','2025-08-10 02:53:49.382752','2025-08-10 02:53:49.382752','');
INSERT INTO custom_user VALUES(56,'pbkdf2_sha256$870000$0bZ5wDQmEvGErTsT1YiMRT$d1OGItFDL55vqRt8paoFGuDpjOw3z/raP9zQT1Jjz6k=',NULL,0,'test_user_fixed','','',0,1,'2025-08-10 02:56:35.265179','testfixed@clsu2.edu.ph',0,NULL,'2021-54321',20,'Test User Fixed','Male','CEN','Bachelor of Science in Information Technology','3','2025-08-10 02:56:36.277572','2025-08-10 02:56:36.277572','');
INSERT INTO custom_user VALUES(57,'pbkdf2_sha256$870000$C81Qk8vJ862xB7FQYBdV6I$4aBF76S3qpt9fXBoEiROMnJbtlXckB5DI7xfVRH9BeI=','2025-08-10 03:03:49.661207',0,'Bernard','','',0,1,'2025-08-10 03:02:46.457952','john.masinag@clsu2.edu.ph',1,'ZgK5Z1H7O4X3QrWPsmXYY1NFkFoSjCpvsTMW2AnKxUfiwRcMfyzLqfoomzAMGcyP','22-9334',21,'John Bernard Masinag','Male','CBA','Bachelor of Science in Business Administration','4','2025-08-10 03:02:47.474894','2025-08-10 03:02:50.216353','');
CREATE TABLE IF NOT EXISTS "mentalhealth_report" ("id" integer NOT NULL PRIMARY KEY , "title" varchar(200) NOT NULL, "description" text NOT NULL, "report_type" varchar(20) NOT NULL, "status" varchar(20) NOT NULL, "created_at" datetime NOT NULL, "updated_at" datetime NOT NULL, "counselor_id" bigint NOT NULL REFERENCES "mentalhealth_counselor" ("id") DEFERRABLE INITIALLY DEFERRED, "user_id" bigint NULL REFERENCES "custom_user" ("id") DEFERRABLE INITIALLY DEFERRED, "appointment_id" bigint NULL REFERENCES "mentalhealth_appointment" ("id") DEFERRABLE INITIALLY DEFERRED);
INSERT INTO mentalhealth_report VALUES(2,'Failing Grade Student','As the student explains, the studnet is failing due to personal and intra-personal problems.','assessment','completed','2025-07-16 04:24:53.325342','2025-07-16 04:24:53.325342',24,45,NULL);
INSERT INTO mentalhealth_report VALUES(6,'Anxiety','Anxiety','session','completed','2025-07-16 04:50:22.490289','2025-07-16 04:50:22.490289',25,23,NULL);
INSERT INTO mentalhealth_report VALUES(7,'Anxiety','Student Anxious','assessment','archived','2025-07-16 04:52:08.253692','2025-07-16 04:52:08.253692',25,23,NULL);
INSERT INTO mentalhealth_report VALUES(8,'Student Failing Grade Due to Depression','The Student explains panic attacks during studying and late at night, assessment shows high achuhc;.','session','archived','2025-07-16 05:12:36.481760','2025-07-16 05:12:36.481760',25,45,NULL);
INSERT INTO mentalhealth_report VALUES(9,'Student Failing Grade Due to Depression','dawdawdawd','assessment','archived','2025-07-16 05:13:46.717846','2025-07-16 05:13:46.717846',25,45,NULL);
INSERT INTO mentalhealth_report VALUES(10,'Student Failing Grade Due to Depression','fsefawd','session','archived','2025-07-16 05:21:29.721577','2025-07-16 05:21:29.721577',25,45,NULL);
INSERT INTO mentalhealth_report VALUES(12,'Session with Ronnie Doe on 2025-07-17','dadwa','session','archived','2025-07-16 05:24:37.350895','2025-07-16 05:30:25.857218',25,45,NULL);
INSERT INTO mentalhealth_report VALUES(13,'Session with Ronnie Doe on 2025-07-17','Ronnie Doe Complains about Heavy Chest breathing','session','archived','2025-07-16 05:25:55.080539','2025-07-16 05:30:21.768892',25,45,NULL);
INSERT INTO mentalhealth_report VALUES(14,'Student Failing Grade Due to Depression','Anxiety','assessment','archived','2025-07-16 13:14:35.581571','2025-07-16 13:14:35.581571',24,46,NULL);
INSERT INTO mentalhealth_report VALUES(15,'Student Failing Grade Due to Depression','dawdasd','assessment','archived','2025-07-16 13:24:25.516981','2025-07-16 13:24:25.516981',24,46,NULL);
INSERT INTO mentalhealth_report VALUES(16,'Student Failing Grade Due to Depression','dawdawd','session','archived','2025-07-16 13:26:32.141291','2025-07-16 13:26:32.141291',24,46,NULL);
INSERT INTO mentalhealth_report VALUES(17,'Student Failing Grade Due to Depression','dawda','assessment','archived','2025-07-16 13:34:17.342002','2025-07-16 13:34:17.342002',24,46,NULL);
INSERT INTO mentalhealth_report VALUES(18,'Session with F. Dave Pararuan on 2025-07-16','Student is smart','session','archived','2025-07-16 14:39:39.322559','2025-07-16 14:39:57.861993',24,23,34);
INSERT INTO mentalhealth_report VALUES(19,'The Student Details Failing Grade due to  bullying','Bullying','assessment','archived','2025-07-18 00:11:35.578790','2025-07-18 00:11:35.578790',24,46,NULL);
INSERT INTO mentalhealth_report VALUES(20,'Student is suffering from Depression','Student reports to have been smelling Pulgoso''s helmet. ','session','archived','2025-07-18 01:32:59.512716','2025-07-18 01:32:59.512716',24,50,NULL);
INSERT INTO mentalhealth_report VALUES(21,'He''s being name called ''Pulgoso''','Being named as Pulgoso. And he smells kulob.','urgent','archived','2025-07-18 01:44:33.232223','2025-07-18 01:44:33.232223',25,51,NULL);
INSERT INTO mentalhealth_report VALUES(22,'Student Reports Anxiety attacks','ANxiety Attacks','session','archived','2025-07-18 02:24:35.256942','2025-07-18 02:24:35.256942',24,50,NULL);
INSERT INTO mentalhealth_report VALUES(23,'Student is cool','kewl','session','archived','2025-07-18 02:28:56.817587','2025-07-18 02:28:56.817587',24,50,NULL);
INSERT INTO mentalhealth_report VALUES(24,'Student suffers from Stress attacks','Stress attacks lorem ipsum','urgent','archived','2025-07-18 03:24:43.796218','2025-07-18 03:24:43.796218',26,23,NULL);
INSERT INTO mentalhealth_report VALUES(25,'Student is Reporting Puge','Student is too puge','session','archived','2025-07-19 00:10:16.019731','2025-07-19 00:10:16.019731',24,50,NULL);
INSERT INTO mentalhealth_report VALUES(26,'dasdad','dasdaw','session','completed','2025-07-19 00:16:10.211959','2025-07-19 00:16:10.211959',24,23,NULL);
INSERT INTO mentalhealth_report VALUES(27,'dasdawd','dasdawdwad','session','completed','2025-07-19 02:59:24.580230','2025-07-19 02:59:24.580230',24,50,NULL);
INSERT INTO mentalhealth_report VALUES(28,'dsadwa','dsadawdaw','session','completed','2025-07-19 03:08:55.549277','2025-07-19 03:08:55.549277',24,50,NULL);
INSERT INTO mentalhealth_report VALUES(29,'dsadwa','dsadawdaw','session','completed','2025-07-19 03:08:57.973250','2025-07-19 03:08:57.973250',24,50,NULL);
INSERT INTO mentalhealth_report VALUES(30,'dsadaw','dasdwad','assessment','completed','2025-07-19 03:16:52.061434','2025-07-19 03:16:52.061434',24,23,NULL);
INSERT INTO mentalhealth_report VALUES(31,'Session with Admin User','Test session report','session','completed','2025-07-19 03:19:53.892988','2025-07-19 03:19:53.892988',1,1,NULL);
INSERT INTO mentalhealth_report VALUES(32,'dawdwad','dawdawdwa','session','completed','2025-07-19 03:36:18.285412','2025-07-19 03:36:18.285412',24,23,NULL);
INSERT INTO mentalhealth_report VALUES(33,'Dwadawdwa','dsadawdw','session','completed','2025-07-19 03:46:35.985907','2025-07-19 03:46:35.985907',27,23,NULL);
INSERT INTO mentalhealth_report VALUES(34,'Dakstine Puge','puge','session','completed','2025-07-19 06:16:04.866874','2025-07-19 06:16:04.866874',24,54,NULL);
INSERT INTO mentalhealth_report VALUES(35,'Dawdw','dawdawd','session','completed','2025-07-20 00:57:36.910812','2025-07-20 00:57:36.911813',24,50,NULL);
INSERT INTO mentalhealth_report VALUES(36,'System Test Report','This is a test report for system validation','session','pending','2025-08-10 02:56:37.346049','2025-08-10 02:56:37.346049',1,56,57);
CREATE TABLE IF NOT EXISTS "mentalhealth_counselor" ("id" integer NOT NULL PRIMARY KEY , "name" varchar(100) NOT NULL, "unit" varchar(100) NOT NULL, "rank" varchar(100) NOT NULL, "bio" text NOT NULL, "image" varchar(100) NULL, "available_days" text NOT NULL CHECK ((JSON_VALID("available_days") OR "available_days" IS NULL)), "is_active" bool NOT NULL, "email" varchar(254) NULL, "user_id" bigint NULL UNIQUE REFERENCES "custom_user" ("id") DEFERRABLE INITIALLY DEFERRED, "available_end_time" time NULL, "available_start_time" time NULL, "day_schedules" text NOT NULL CHECK ((JSON_VALID("day_schedules") OR "day_schedules" IS NULL)));
INSERT INTO mentalhealth_counselor VALUES(1,'Melbhert Rivera','Career Guidance Unit','INSTRUCTOR II','','counselors/pugi-prof.jpg','["Monday", "Wednesday", "Friday"]',0,'rmelbhert.rivera@clsu2.edu.ph',NULL,NULL,NULL,'{}');
INSERT INTO mentalhealth_counselor VALUES(2,'John Santos','Student Wellness Center','Assistant Professor IV','','counselors/Haha_Jonathan.jpg','["Tuesday", "Thursday"]',0,'john.santos@clsu2.edu.ph',NULL,NULL,NULL,'{}');
INSERT INTO mentalhealth_counselor VALUES(3,'Solaire of Astora','General Counseling','Professor V','','counselors/Solaire.png','[]',0,'solaire@clsu2.edu.ph',NULL,NULL,NULL,'{}');
INSERT INTO mentalhealth_counselor VALUES(4,'Keiichi Onizuka','Psychological Services','INSTRUCTOR I','','counselors/onizuka.jpg','[]',0,'onizuka@clsu2.edu.ph',NULL,NULL,NULL,'{}');
INSERT INTO mentalhealth_counselor VALUES(5,'John Doe','Psychological Services','INSTRUCTOR I','','','[]',0,'john.doe@clsu2.edu.ph',NULL,NULL,NULL,'{}');
INSERT INTO mentalhealth_counselor VALUES(6,'John Doe','Psychological Services','INSTRUCTOR I','','','[]',0,'john.doe@clsu2.edu.ph',NULL,NULL,NULL,'{}');
INSERT INTO mentalhealth_counselor VALUES(7,'John Doe','Psychological Services','INSTRUCTOR I','','','[]',0,'john.doe@clsu2.edu.ph',NULL,NULL,NULL,'{}');
INSERT INTO mentalhealth_counselor VALUES(8,'John Doe','Psychological Services','INSTRUCTOR I','','','[]',0,'john.doe@clsu2.edu.ph',NULL,NULL,NULL,'{}');
INSERT INTO mentalhealth_counselor VALUES(9,'Jane Doe','Psychological Services','INSTRUCTOR I','','','[]',0,'jane.doe@clsu2.edu.ph',NULL,NULL,NULL,'{}');
INSERT INTO mentalhealth_counselor VALUES(10,'Jane Doe','Psychological Services','INSTRUCTOR I','','','[]',0,'jane.doe@clsu2.edu.ph',NULL,NULL,NULL,'{}');
INSERT INTO mentalhealth_counselor VALUES(11,'Mark ','Psychological Services','INSTRUCTOR I','','','[]',0,'mark@clsu2.edu.ph',NULL,NULL,NULL,'{}');
INSERT INTO mentalhealth_counselor VALUES(12,'Kyle','Psychological Services','INSTRUCTOR I','','','[]',0,'kyle@clsu2.edu.ph',NULL,NULL,NULL,'{}');
INSERT INTO mentalhealth_counselor VALUES(13,'John Basty Mirafelix','Psychological Services','INSTRUCTOR I','','','[]',0,'john.mirafelix@clsu2.edu.ph',31,NULL,NULL,'{}');
INSERT INTO mentalhealth_counselor VALUES(14,'Jun-Jun Sahur','Psychological Services','INSTRUCTOR II','','','[]',0,'junsahur@clsu2.edu.ph',32,NULL,NULL,'{}');
INSERT INTO mentalhealth_counselor VALUES(15,'Jun Doe','Psychological Services','INSTRUCTOR II','','','[]',0,'jun.doe@clsu2.edu.ph',33,NULL,NULL,'{}');
INSERT INTO mentalhealth_counselor VALUES(16,'Jan Doe','Psychological Services','INSTRUCTOR I','','','[]',0,'jan.doe@clsu2.edu.ph',34,NULL,NULL,'{}');
INSERT INTO mentalhealth_counselor VALUES(17,'Jen Doe','Psychological Services','INSTRUCTOR II','','','[]',0,'jen.doe@clsu2.edu.ph',35,NULL,NULL,'{}');
INSERT INTO mentalhealth_counselor VALUES(18,'Jill Doe','Psychological Services','INSTRUCTOR I','','','[]',0,'jill.doe@clsu2.edu.ph',36,NULL,NULL,'{}');
INSERT INTO mentalhealth_counselor VALUES(19,'Gwyn of Cinder','Psychological Services','INSTRUCTOR II','','','[]',0,'gwyn.cinder@clsu2.edu.ph',37,NULL,NULL,'{}');
INSERT INTO mentalhealth_counselor VALUES(20,'Jun Kitagami','Psychological Services','INSTRUCTOR II','','','[]',0,'jun.kitagami@clsu2.edu.ph',38,NULL,NULL,'{}');
INSERT INTO mentalhealth_counselor VALUES(21,'Jan Nam','Psychological Services','INSTRUCTOR I','','','[]',0,'jan.nam@clsu2.edu.ph',39,NULL,NULL,'{}');
INSERT INTO mentalhealth_counselor VALUES(24,'Ed Manalo','Psychological Services','INSTRUCTOR III','I am the Best Teacher in the world!','counselors/steampfp.jpg','["Monday", "Tuesday", "Wednesday"]',1,'ed.manalo@clsu2.edu.ph',42,'22:00:00','19:00:00','{"Monday": {"start_time": "09:00", "end_time": "17:00"}, "Tuesday": {"start_time": "09:00", "end_time": "17:00"}, "Wednesday": {"start_time": "13:00", "end_time": "14:30"}}');
INSERT INTO mentalhealth_counselor VALUES(25,'Punished "Venom" Snake','Psychological Services','Assistant Professor II','BIG BOSS','counselors/Swole_Sergeant_hY5XZhR.png','["Monday", "Tuesday", "Thursday"]',0,'venom.snake@clsu2.edu.ph',43,NULL,NULL,'{"Monday": {"start_time": "09:00", "end_time": "17:00"}, "Tuesday": {"start_time": "13:00", "end_time": "14:30"}, "Thursday": {"start_time": "09:00", "end_time": "17:00"}}');
INSERT INTO mentalhealth_counselor VALUES(26,'Jude Harambe','Guidance Services Unit','INSTRUCTOR III','Registered Psychologist.','','["Monday", "Friday"]',1,'jude.harambe@clsu2.edu.ph',52,NULL,NULL,'{"Monday": {"start_time": "09:00", "end_time": "17:00"}, "Friday": {"start_time": "09:00", "end_time": "17:00"}}');
INSERT INTO mentalhealth_counselor VALUES(27,'Juan Luna','Guidance Services Unit','Assistant Professor II','Professional Psychiatrist, Board Passer.','counselors/Solaire_KvnmXfX.png','["Monday", "Wednesday", "Friday"]',1,'juan.luna@clsu2.edu.ph',53,NULL,NULL,'{"Monday": {"start_time": "09:00", "end_time": "17:00"}, "Wednesday": {"start_time": "09:00", "end_time": "17:00"}, "Friday": {"start_time": "09:00", "end_time": "17:00"}}');
CREATE TABLE IF NOT EXISTS "mentalhealth_feedback" ("id" integer NOT NULL PRIMARY KEY , "overall_rating" integer NULL, "professionalism_rating" integer NULL, "helpfulness_rating" integer NULL, "recommend_rating" integer NULL, "positive_feedback" text NOT NULL, "improvement_feedback" text NOT NULL, "additional_comments" text NOT NULL, "submitted_at" datetime NOT NULL, "skipped" bool NOT NULL, "appointment_id" bigint NOT NULL REFERENCES "mentalhealth_appointment" ("id") DEFERRABLE INITIALLY DEFERRED, "counselor_id" bigint NOT NULL REFERENCES "mentalhealth_counselor" ("id") DEFERRABLE INITIALLY DEFERRED, "user_id" bigint NOT NULL REFERENCES "custom_user" ("id") DEFERRABLE INITIALLY DEFERRED);
INSERT INTO mentalhealth_feedback VALUES(1,4,5,5,5,'dasdawd','dsadawd','dasdwad','2025-07-19 03:09:50.849344',0,46,24,50);
INSERT INTO mentalhealth_feedback VALUES(2,4,4,4,5,'Great session, very helpful!','Could be a bit more punctual','Overall excellent experience','2025-07-19 03:13:58.602123',0,22,1,1);
INSERT INTO mentalhealth_feedback VALUES(3,5,5,5,5,'I like how approachable they are','N/A','dawdwad','2025-07-19 03:37:17.292416',0,48,24,23);
INSERT INTO mentalhealth_feedback VALUES(4,5,5,5,5,'dawdwa','dadw','dawda','2025-07-19 03:47:33.860530',0,49,27,23);
INSERT INTO mentalhealth_feedback VALUES(5,5,5,5,5,'dawda','dawdaw','adawdwad','2025-07-19 06:16:56.701470',0,50,24,54);
INSERT INTO mentalhealth_feedback VALUES(6,5,5,5,5,'dawdaw','dawd','dadw','2025-07-20 00:59:48.453606',0,52,24,50);
INSERT INTO mentalhealth_feedback VALUES(7,5,NULL,NULL,NULL,'Great system test session!','','','2025-08-10 02:56:39.909214',0,57,1,56);
CREATE TABLE IF NOT EXISTS "mentalhealth_appointment" ("id" integer NOT NULL PRIMARY KEY , "date" date NOT NULL, "time" time NOT NULL, "services" text NOT NULL CHECK ((JSON_VALID("services") OR "services" IS NULL)), "reason" text NOT NULL, "phone" varchar(20) NOT NULL, "course_section" varchar(100) NOT NULL, "status" varchar(20) NOT NULL, "created_at" datetime NOT NULL, "updated_at" datetime NOT NULL, "cancellation_deadline" datetime NULL, "cancellation_reason" text NOT NULL, "cancellation_token" varchar(64) NULL UNIQUE, "user_id" bigint NOT NULL REFERENCES "custom_user" ("id") DEFERRABLE INITIALLY DEFERRED, "counselor_id" bigint NOT NULL REFERENCES "mentalhealth_counselor" ("id") DEFERRABLE INITIALLY DEFERRED, "dass_result_id" bigint NULL REFERENCES "mentalhealth_dassresult" ("id") DEFERRABLE INITIALLY DEFERRED, "cancelled_at" datetime NULL, "notes" text NULL, "session_type" varchar(20) NOT NULL, "video_call_url" varchar(200) NULL);
INSERT INTO mentalhealth_appointment VALUES(1,'2025-06-26','13:00:00','["Counseling"]','Dada','099822978200','BSIT 3-1','pending','2025-06-25 13:53:56.296947','2025-06-28 01:53:37.836707',NULL,'',NULL,23,3,7,NULL,NULL,'face_to_face',NULL);
INSERT INTO mentalhealth_appointment VALUES(2,'2025-06-25','11:00:00','["Counseling"]','dadawd','099822978200','BSIT 3-1','pending','2025-06-25 15:26:45.990268','2025-06-28 01:53:37.845675',NULL,'',NULL,23,3,11,NULL,NULL,'face_to_face',NULL);
INSERT INTO mentalhealth_appointment VALUES(3,'2025-06-27','16:00:00','["Consultation"]','dawda','099822978200','BSIT 3-1','pending','2025-06-25 15:29:05.889945','2025-06-28 01:53:37.845675',NULL,'',NULL,23,3,12,NULL,NULL,'face_to_face',NULL);
INSERT INTO mentalhealth_appointment VALUES(4,'2025-06-27','16:00:00','["Consultation"]','dawda','099822978200','BSIT 3-1','pending','2025-06-25 15:29:08.617707','2025-06-28 01:53:37.846671',NULL,'',NULL,23,3,12,NULL,NULL,'face_to_face',NULL);
INSERT INTO mentalhealth_appointment VALUES(5,'2025-06-30','09:00:00','["Counseling"]','dadaw','099822978200','BSIT 3-1','pending','2025-06-25 15:37:39.502971','2025-06-28 01:53:37.846671',NULL,'',NULL,23,3,13,NULL,NULL,'face_to_face',NULL);
INSERT INTO mentalhealth_appointment VALUES(6,'2025-07-02','16:00:00','["Consultation"]','dadw','099822978200','BSIT 3-1','pending','2025-06-25 15:41:06.501162','2025-06-28 01:53:37.847671',NULL,'',NULL,23,3,14,NULL,NULL,'face_to_face',NULL);
INSERT INTO mentalhealth_appointment VALUES(7,'2025-06-25','16:00:00','["Consultation"]','adaw','099822978200','BSIT 3-1','pending','2025-06-25 15:49:46.515859','2025-06-28 01:53:37.847671',NULL,'',NULL,23,3,15,NULL,NULL,'face_to_face',NULL);
INSERT INTO mentalhealth_appointment VALUES(8,'2025-07-01','10:00:00','["Counseling"]','dadw','099822978200','BSIT 3-1','pending','2025-06-25 15:50:51.215617','2025-06-28 01:53:37.848672',NULL,'',NULL,23,3,16,NULL,NULL,'face_to_face',NULL);
INSERT INTO mentalhealth_appointment VALUES(9,'2025-06-25','14:00:00','["Counseling"]','d','099822978200','BSIT 3-1','pending','2025-06-25 15:52:27.108429','2025-06-28 01:53:37.848672',NULL,'',NULL,23,3,16,NULL,NULL,'face_to_face',NULL);
INSERT INTO mentalhealth_appointment VALUES(10,'2025-06-27','11:00:00','["Counseling"]','dawdwa','099822978200','BSIT 3-1','pending','2025-06-25 15:54:49.137151','2025-06-28 01:53:37.849676',NULL,'',NULL,23,3,16,NULL,NULL,'face_to_face',NULL);
INSERT INTO mentalhealth_appointment VALUES(11,'2025-06-30','11:00:00','["Counseling"]','dawdwa','099822978200','BSIT 3-1','pending','2025-06-26 00:25:25.411914','2025-06-28 01:53:37.850677',NULL,'',NULL,23,3,17,NULL,NULL,'face_to_face',NULL);
INSERT INTO mentalhealth_appointment VALUES(12,'2025-07-01','15:00:00','["Orientation"]','dadw','099822978200','BSIT 3-1','pending','2025-06-27 09:56:41.015156','2025-06-28 01:53:37.850677',NULL,'',NULL,23,3,18,NULL,NULL,'face_to_face',NULL);
INSERT INTO mentalhealth_appointment VALUES(13,'2025-07-03','10:00:00','["Psychological Testing"]','dadad','099822978200','BSIT 3-1','cancelled','2025-06-27 09:59:54.032417','2025-07-03 02:50:39.069421',NULL,'Cancelled by administrator',NULL,23,3,19,'2025-07-03 02:50:39.055000',NULL,'face_to_face',NULL);
INSERT INTO mentalhealth_appointment VALUES(14,'2025-07-03','10:00:00','["Psychological Testing"]','dadad','099822978200','BSIT 3-1','pending','2025-06-27 09:59:55.170370','2025-06-28 01:53:37.851673',NULL,'',NULL,23,3,19,NULL,NULL,'face_to_face',NULL);
INSERT INTO mentalhealth_appointment VALUES(15,'2025-07-03','13:00:00','["Others"]','I''m Gay.','09982297800','Bachelor of Science in Information Technology','pending','2025-06-27 10:21:22.492628','2025-06-28 01:53:37.851673',NULL,'',NULL,27,3,20,NULL,NULL,'face_to_face',NULL);
INSERT INTO mentalhealth_appointment VALUES(16,'2025-07-08','10:00:00','["Consultation"]','dawdawsda','099822978200','BSIT 3-1','pending','2025-06-27 10:37:05.635805','2025-06-28 01:53:37.853188','2025-06-28 10:37:05.663343','',NULL,27,3,23,NULL,NULL,'face_to_face',NULL);
INSERT INTO mentalhealth_appointment VALUES(17,'2025-07-08','13:00:00','["Counseling"]','adwad','099822978200','BSIT 3-1','pending','2025-06-27 10:43:45.116220','2025-06-28 01:53:37.853188','2025-06-28 10:43:45.144270','',NULL,27,3,24,NULL,NULL,'face_to_face',NULL);
INSERT INTO mentalhealth_appointment VALUES(18,'2025-07-08','13:00:00','["Counseling"]','adwad','099822978200','BSIT 3-1','pending','2025-06-27 10:43:46.481567','2025-06-28 01:53:37.854203','2025-06-28 10:43:46.515936','',NULL,27,3,24,NULL,NULL,'face_to_face',NULL);
INSERT INTO mentalhealth_appointment VALUES(19,'2025-07-08','15:00:00','["Counseling"]','dadsadawd','099822978200','BSIT 3-1','pending','2025-06-27 10:57:23.207605','2025-06-28 01:53:37.854883','2025-06-28 10:57:23.239862','',NULL,27,3,25,NULL,NULL,'face_to_face',NULL);
INSERT INTO mentalhealth_appointment VALUES(20,'2025-07-03','15:00:00','["Consultation"]','bxdzf','099822978200','BSIT 3-1','pending','2025-06-27 11:03:58.277575','2025-06-28 01:53:37.855902','2025-06-28 11:03:58.309350','',NULL,27,3,26,NULL,NULL,'face_to_face',NULL);
INSERT INTO mentalhealth_appointment VALUES(21,'2025-07-10','15:00:00','["Consultation"]','dasdasd','099822978200','BSIT 3-1','cancelled','2025-06-27 11:10:34.864983','2025-06-28 01:53:37.855902','2025-06-28 11:10:34.892741','I am gay','HI1uCU77YFB2OI0a9zkJrZ3Wwozwf4SBKTLbsC4gFQAc2n6D2jUqSUhwXWP25Hss',27,3,27,NULL,NULL,'face_to_face',NULL);
INSERT INTO mentalhealth_appointment VALUES(22,'2025-06-30','11:00:00','["Consultation"]','Feeling under the weather','099822978200','BSIT 3-1','pending','2025-06-29 02:19:01.559063','2025-06-29 02:19:01.589612','2025-06-30 02:19:01.589612','','xu5EDI0KO84yO3KxJiup7JpFEgTCUVJC8y7zg81D9mVpJXXBARTsrCjTJFXVB77U',23,1,37,NULL,NULL,'face_to_face',NULL);
INSERT INTO mentalhealth_appointment VALUES(23,'2025-06-30','11:00:00','["Consultation"]','Feeling under the weather','099822978200','BSIT 3-1','cancelled','2025-06-29 02:19:08.375945','2025-06-29 02:20:17.033284','2025-06-30 02:19:08.407629','dada','ti2esoMlcy3cZVPPgsXGqxciSjwEw5w9wMJXO5QqKMDCdYc8xkGYAkbxayn7eEH9',23,1,37,NULL,NULL,'face_to_face',NULL);
INSERT INTO mentalhealth_appointment VALUES(24,'2025-07-03','13:00:00','["Orientation"]','Dawdwadasda','099822978200','BSIT 3-1','cancelled','2025-07-03 01:43:39.652653','2025-07-03 02:51:57.162052','2025-07-04 01:43:39.684276','Cancelled by administrator','rtMhMwTLVXu4mGZMGp9MBBOIJVS4sx2o7EuXOtMNqV7DxquJ63uqki3sIytPeWqa',23,2,38,'2025-07-03 02:51:57.155000',NULL,'face_to_face',NULL);
INSERT INTO mentalhealth_appointment VALUES(25,'2025-07-03','13:00:00','["Orientation"]','Dawdwadasda','099822978200','BSIT 3-1','pending','2025-07-03 01:44:02.409048','2025-07-03 01:44:02.438583','2025-07-04 01:44:02.438583','','Hrho2ubSIUkvT2hBRgyZzZtKeUfGPfLgzdgtJLQK7BzAxRuYWywaGPSb79oFuY2j',23,2,38,NULL,NULL,'face_to_face',NULL);
INSERT INTO mentalhealth_appointment VALUES(26,'2025-07-08','10:00:00','["Consultation"]','dawdasd','099822978200','BSIT 3-1','pending','2025-07-03 01:46:09.946636','2025-07-03 01:46:09.979013','2025-07-04 01:46:09.979013','','7E3HYRv0L4oDiZVzlznTzDdoOkz7u0vRRe6CLWznCMPUXdXTlY8rkEz3MchMRpAx',23,2,38,NULL,NULL,'face_to_face',NULL);
INSERT INTO mentalhealth_appointment VALUES(27,'2025-07-03','15:00:00','["Learning Assistance"]','dadasd','099822978200','BSIT 3-1','pending','2025-07-03 01:47:41.599539','2025-07-03 01:47:41.638778','2025-07-04 01:47:41.638778','','3OEc1tn7b0oH8d8b13q2j77U9nAGl32raO0AgiIewVlDstHbXKcK8LTT2JTzZ4Y7',23,2,38,NULL,NULL,'face_to_face',NULL);
INSERT INTO mentalhealth_appointment VALUES(28,'2025-07-07','14:00:00','["Counseling"]','adasd','099822978200','BSIT 3-1','completed','2025-07-06 00:44:27.987695','2025-07-19 03:33:58.732534','2025-07-07 00:44:28.035455','','axHMGlqQ1p0G7DAPhI3fmbE2vidYxV36tYqyKasglnxaWzeabp43k2bIqcN8CAqT',23,1,41,NULL,NULL,'face_to_face',NULL);
INSERT INTO mentalhealth_appointment VALUES(29,'2025-07-11','09:00:00','["Learning Assistance"]','Hahha','099822978200','BSIT 3-1','completed','2025-07-07 03:13:45.588428','2025-07-19 03:33:37.745715','2025-07-08 03:13:45.663087','','ULBPGRRZQySwgDrDsb9R2flyLnaD8NdXZxrRt9kkcqALyr5Ip6Y484pw85B4hwdg',23,1,42,NULL,NULL,'face_to_face',NULL);
INSERT INTO mentalhealth_appointment VALUES(30,'2025-07-21','09:00:00','["Counseling"]','I am anxious','099822978200','BSIT 4-1','completed','2025-07-16 04:10:54.973474','2025-07-18 01:43:54.574377','2025-07-17 04:10:55.017032','','6PwL4ZUL0nQ0ZnQdyz4pXdFNtsqBR5YGf9nCa1aAWofwc98zyDA00Wg94nV7rSJn',23,25,48,NULL,'','face_to_face',NULL);
INSERT INTO mentalhealth_appointment VALUES(31,'2025-07-21','09:00:00','["Counseling"]','Failing','09982297800','Bachelor of Science in Information Technology','completed','2025-07-16 04:23:58.012544','2025-07-18 00:34:25.626743','2025-07-17 04:23:58.062455','','MeCGlc3U6GyR5w9EvJKZmAu1Ob8ADV89GawwDOTLO4BrUNOaywCUhooieIB7BECh',45,24,49,NULL,'Completed','face_to_face',NULL);
INSERT INTO mentalhealth_appointment VALUES(32,'2025-07-22','09:00:00','["Career Counseling"]','Anxious','09982297800','BSAS','completed','2025-07-16 04:28:21.298222','2025-07-18 00:34:40.543898','2025-07-17 04:28:21.331223','','eBeTSt8UTnjmxCsIFE8ezapF0osP7CgOG6yEm9lPRPXvJztfqo8UCwFtq9dtFxIe',46,24,50,NULL,'Completed. Dupluicate','face_to_face',NULL);
INSERT INTO mentalhealth_appointment VALUES(33,'2025-07-17','09:00:00','["Learning Assistance"]','dadwa','099822978200','BSIT 4-1','completed','2025-07-16 04:37:09.855381','2025-07-16 05:25:55.057978','2025-07-17 04:37:09.888456','','scXwLbfxybGWj0pnnuBgLgcDOgMSkLFqsfyv8ibgx9xWxQNMR1EEVPMOIp01xPbG',45,25,51,NULL,NULL,'face_to_face',NULL);
INSERT INTO mentalhealth_appointment VALUES(34,'2025-07-16','13:00:00','["Consultation"]','dawda','099822978200','BSIT 4-1','completed','2025-07-16 14:35:13.633187','2025-07-16 14:39:39.302860','2025-07-17 14:35:13.689328','','DF2OWJEDWSGSphaFhBJleqt1O4gom73D3vK07DzEC5APzXiKIsAvpx6Ck9VdDbjf',23,24,52,NULL,NULL,'face_to_face',NULL);
INSERT INTO mentalhealth_appointment VALUES(35,'2025-07-22','09:00:00','["Psychological Testing"]','I am anxious and suffering from depression dawg','09982297800','BSC 4-2','completed','2025-07-18 01:31:36.254066','2025-07-18 01:33:26.310392','2025-07-19 01:31:36.298145','','svyTQADILbTvp5Vinfj5CHhpJVLd6lVgkK9zr3DUGYz64d5EFt5V8sDmcOxHLR1U',50,24,55,NULL,'','face_to_face',NULL);
INSERT INTO mentalhealth_appointment VALUES(36,'2025-07-21','09:00:00','["Psychological Testing"]','Dawdwa','09982297800','BSAS 4-1','cancelled','2025-07-18 01:39:56.475410','2025-07-18 01:40:21.374047','2025-07-19 01:39:56.520603','Conflict with schedule.','ArAGthoMIUa4LTAMIl3pUtWVVDunYtNwuYjCsVwmwtQDWp354X9hU47ZY7VS8xLj',50,24,56,NULL,NULL,'face_to_face',NULL);
INSERT INTO mentalhealth_appointment VALUES(37,'2025-07-24','09:00:00','["Counseling"]','dawdas','09982297800','BSVSM','completed','2025-07-18 01:43:15.828582','2025-07-18 01:45:40.085292','2025-07-19 01:43:15.868917','','umcQ0WwiGQSbm62hrfA6F422PX3Nq2cHzbSbKkZSgC70nJ0gQGbsbXX5jOJQVDSu',51,25,57,NULL,'','face_to_face',NULL);
INSERT INTO mentalhealth_appointment VALUES(38,'2025-07-22','09:00:00','["Counseling"]','Failing Grade due to stress','09982297800','BSED 3-2','completed','2025-07-18 02:14:43.092265','2025-07-18 02:29:08.829551','2025-07-19 02:14:43.128535','','UvieI1aBngLl08WMGqEUnFPnL8tjZAgziEDjmj2AcH3QQTw7Pj40vsia46XDcG9w',50,24,59,NULL,'','face_to_face',NULL);
INSERT INTO mentalhealth_appointment VALUES(39,'2025-07-21','09:00:00','["Counseling"]','dawdsa','09982297800','BSIT','completed','2025-07-18 02:22:35.789754','2025-07-18 02:24:10.612458','2025-07-19 02:22:35.829281','','VaaxQFNsJ5ox2lmpxgo9vqcSzGAx9YIc3FijqNiE7E6IUQsnyUaPMjevakZDC0rn',23,24,60,NULL,'','face_to_face',NULL);
INSERT INTO mentalhealth_appointment VALUES(40,'2025-07-18','09:00:00','["Counseling"]','Stress','09167572346','BSIT ','completed','2025-07-18 03:23:35.633348','2025-07-18 03:27:36.213474','2025-07-19 03:23:35.667669','','GZJe1STvqMBjLIa1UcbmAr41ak7qvqIZNqwYsRkKf4KOh5PDP0OWdddCbTB5XtTT',23,26,61,NULL,'','face_to_face',NULL);
INSERT INTO mentalhealth_appointment VALUES(41,'2025-07-22','09:00:00','["Psychological Testing"]','Fawddwad','09982297800','BSED 3-2','completed','2025-07-19 00:09:13.111512','2025-07-19 00:15:44.263716','2025-07-20 00:09:13.190679','','Dk9TaKRuigsqC09NvdcXtTlSPsVx1wiKDSTRV7GWWIE9PLwXSzypkpWFrq4L65dx',50,24,59,NULL,'','face_to_face',NULL);
INSERT INTO mentalhealth_appointment VALUES(42,'2025-07-21','09:00:00','["Career Counseling"]','dawdsada','09982297800','BSIT','completed','2025-07-19 00:15:20.895819','2025-07-19 00:16:28.538707','2025-07-20 00:15:20.971596','','LqpIKV7ui3qUNAMANXuujbtT59JFhgNwUdLoOHsC3dC1p0zkSPNimnfYDemXsDR6',23,24,61,NULL,'','face_to_face',NULL);
INSERT INTO mentalhealth_appointment VALUES(43,'2025-07-22','09:00:00','["Counseling"]','dawsdad','09982297800','BSCHEM','cancelled','2025-07-19 02:50:11.238205','2025-07-19 02:50:33.115001','2025-07-20 02:50:11.304737','Im fine now','6mpNaoM0gcaW52pNFj5ZafnqbahGi7WFcDyXe91DmVYXum71XHhN6qcY5u5kYxBV',50,24,59,NULL,NULL,'face_to_face',NULL);
INSERT INTO mentalhealth_appointment VALUES(44,'2025-07-21','09:00:00','["Counseling"]','dasdawd','09982297800','BSCHEM','completed','2025-07-19 02:58:51.863153','2025-07-19 02:59:34.324501','2025-07-20 02:58:51.934179','','QKN1jRQl8BeCxy7TltKds9NBDZID7vnpTedvCSpVUhTaBPPOeTlMqmjVMQItYbC7',50,24,59,NULL,'','face_to_face',NULL);
INSERT INTO mentalhealth_appointment VALUES(45,'2025-07-20','10:00:00','["Individual Counseling"]','Test appointment for feedback email','1234567890','Test Section','completed','2025-07-19 03:05:38.553107','2025-07-19 03:19:53.871984',NULL,'',NULL,1,1,NULL,NULL,NULL,'face_to_face',NULL);
INSERT INTO mentalhealth_appointment VALUES(46,'2025-07-21','09:00:00','["Counseling"]','dasdaw','09982297800','BSCHEM','completed','2025-07-19 03:08:18.334382','2025-07-19 03:08:55.587956','2025-07-20 03:08:18.413218','','PQdE2oiuNH7Y744fPWFAqcvbiqV98UnlF2aXRnFSEcxO8vKkNoZ0xClE0NUqX3aC',50,24,59,NULL,'','face_to_face',NULL);
INSERT INTO mentalhealth_appointment VALUES(47,'2025-07-21','09:00:00','["Counseling"]','dawdawd','09982297800','Bachelor of Science in Information Technology','completed','2025-07-19 03:16:13.824672','2025-07-19 03:17:21.474962','2025-07-20 03:16:13.898451','','JS113rt7AKp0Iw4fLWNTJCxQXFhp2IRN6qxS9llQu7yho7qoivQEk3EVni0mWBG7',23,24,61,NULL,'','face_to_face',NULL);
INSERT INTO mentalhealth_appointment VALUES(48,'2025-07-21','09:00:00','["Counseling"]','dasdawd','09982297800','Bachelor of Science in Information Technology','completed','2025-07-19 03:35:45.042111','2025-07-19 03:36:18.328585','2025-07-20 03:35:45.119649','','fVTgXYU1uzbILDdmCPhV67EDSYpL1LJOeCkBz0QOKieSa3ndqcUDGhBge7FisEoA',23,24,61,NULL,'','face_to_face',NULL);
INSERT INTO mentalhealth_appointment VALUES(49,'2025-07-25','09:00:00','["Counseling"]','dawdwa','09982297800','Bachelor of Science in Information Technology','completed','2025-07-19 03:45:51.988187','2025-07-19 03:46:36.025403','2025-07-20 03:45:52.062482','','RWLPHISgjfvrGr3ZZFhoYjj3QhtLoJVzMtjNmPS9gPAWR32BSWdxoPJSvt5ny8EA',23,27,61,NULL,'','face_to_face',NULL);
INSERT INTO mentalhealth_appointment VALUES(50,'2025-07-21','09:00:00','["Consultation"]','dawdaw','0','BSABE','completed','2025-07-19 06:15:20.027726','2025-07-19 06:16:04.911995','2025-07-20 06:15:20.115933','','tFdYisXai3IYSXFA1FbJx5fe4qbyOoJI6AwK51kjf20etl5Nb6Im6A50F9eHT6r0',54,24,66,NULL,'','face_to_face',NULL);
INSERT INTO mentalhealth_appointment VALUES(51,'2025-07-22','09:00:00','["Counseling"]','dawdawd','09982297800','Bachelor of Science in Information Technology','completed','2025-07-19 11:34:55.183598','2025-07-19 14:06:32.372798','2025-07-20 11:34:55.273620','','qIv7gDpYjG9NirfkaYJXFnDhQYh4GxpIq74JTpC9s0Mw2JJkqpffgLchmsstct6l',23,24,69,NULL,'','remote','http://localhost:8000/live-session/appointment_51/');
INSERT INTO mentalhealth_appointment VALUES(52,'2025-07-22','09:00:00','["Counseling"]','dawdawd','09982297800','BSCHEM','completed','2025-07-20 00:54:48.312608','2025-07-20 00:57:36.950876','2025-07-21 00:54:48.443960','','cfsHGDwM4uC9uEDFIkU9tzuO80ZxqXAreDE0q5KfSXqnsNPyJM1sIjcI0roxJtdV',50,24,73,NULL,NULL,'remote','http://localhost:8000/live-session/appointment_52/');
INSERT INTO mentalhealth_appointment VALUES(53,'2025-07-21','09:00:00','["Counseling"]','dawdwa','09982297800','Bachelor of Science in Information Technology','completed','2025-07-20 01:47:49.055179','2025-07-20 02:17:40.769201','2025-07-21 01:47:49.169751','','1I9chZd3JDS3LxOKk81DKz7prc1OLo0OIqTozo0mCUpPsbXHboywAoGtTWT6prxN',50,24,76,NULL,'','remote','http://localhost:8000/live-session/appointment_53/');
INSERT INTO mentalhealth_appointment VALUES(54,'2025-07-21','09:00:00','["Counseling"]','Anxiety','09982297800','BSCHEM','pending','2025-07-20 05:49:49.504344','2025-07-20 05:49:49.625383','2025-07-21 05:49:49.625383','','fkYNLEj5drvCkcXaUeJDwgynJXDRIAZZiD7hhKpkf2oH4bkiqcGuyganHZUiDTaH',50,24,83,NULL,NULL,'remote','http://localhost:8000/live-session/appointment_54/');
INSERT INTO mentalhealth_appointment VALUES(55,'2025-08-11','09:00:00','["Counseling"]','dawdw','09982297800','Bachelor of Science in Information Technology','pending','2025-08-08 12:08:04.177695','2025-08-08 12:08:04.305863','2025-08-09 12:08:04.305863','','UfiB6x6L9gj9ZpMGcSkCgAwoJM7AYKW4nNJPxJPxdbj35lRX9QN8iyoH2NJPbeM1',50,24,89,NULL,NULL,'remote','http://127.0.0.1:8000/live-session/appointment_55/');
INSERT INTO mentalhealth_appointment VALUES(56,'2025-08-10','14:00:00','"Individual Counseling"','System test appointment','','','pending','2025-08-10 02:53:50.432913','2025-08-10 02:53:50.432913',NULL,'',NULL,55,1,NULL,NULL,NULL,'face_to_face',NULL);
INSERT INTO mentalhealth_appointment VALUES(57,'2025-08-10','14:00:00','["Individual Counseling"]','System test appointment','09123456789','CEN-3A','pending','2025-08-10 02:56:37.332686','2025-08-10 02:56:37.332686',NULL,'',NULL,56,1,NULL,NULL,NULL,'face_to_face',NULL);
INSERT INTO mentalhealth_appointment VALUES(58,'2025-08-20','13:00:00','["Orientation", "Others"]',replace('Haha \n','\n',char(10)),'09982297800','BSCHEM','pending','2025-08-20 05:42:13.915953','2025-08-20 05:42:14.007943','2025-08-21 05:42:14.007943','','CzUF5lmKzcRVHAVtwqfbXr0yHzj2LvMVYQV6NxTSm0RHPrrpYZ284NrdQDLhHUfd',50,24,93,NULL,NULL,'face_to_face',NULL);
INSERT INTO mentalhealth_appointment VALUES(59,'2025-08-25','09:00:00','["Counseling"]','Anxiety','09982297800','BSCHEM','pending','2025-08-20 06:01:54.356577','2025-08-20 06:01:54.527103','2025-08-21 06:01:54.527103','','W5Ww9tQJG50aPB8rv31b1bx3RrRvFjotWxw3V84PRBNIskektGlrG3omTTkaaCe3',50,24,95,NULL,NULL,'remote','http://localhost:8000/live-session/appointment_59/');
CREATE TABLE IF NOT EXISTS "mentalhealth_livesession" ("id" integer NOT NULL PRIMARY KEY , "session_type" varchar(20) NOT NULL, "status" varchar(20) NOT NULL, "room_id" varchar(100) NOT NULL UNIQUE, "session_token" varchar(255) NOT NULL, "meeting_url" varchar(200) NOT NULL, "scheduled_start" datetime NOT NULL, "scheduled_end" datetime NOT NULL, "actual_start" datetime NULL, "actual_end" datetime NULL, "notes" text NOT NULL, "recording_url" varchar(200) NOT NULL, "session_data" text NOT NULL CHECK ((JSON_VALID("session_data") OR "session_data" IS NULL)), "is_recorded" bool NOT NULL, "consent_given" bool NOT NULL, "privacy_level" varchar(20) NOT NULL, "created_at" datetime NOT NULL, "updated_at" datetime NOT NULL, "appointment_id" bigint NOT NULL UNIQUE REFERENCES "mentalhealth_appointment" ("id") DEFERRABLE INITIALLY DEFERRED);
INSERT INTO mentalhealth_livesession VALUES(1,'video','scheduled','appointment_51','','','2025-07-22 09:00:00','2025-07-22 10:00:00',NULL,NULL,'','','{}',0,0,'private','2025-07-19 11:39:07.920298','2025-07-19 11:39:07.920298',51);
INSERT INTO mentalhealth_livesession VALUES(2,'video','scheduled','appointment_52','','','2025-07-22 09:00:00','2025-07-22 10:00:00',NULL,NULL,'','','{}',0,0,'private','2025-07-20 00:54:48.389939','2025-07-20 00:54:48.407952',52);
INSERT INTO mentalhealth_livesession VALUES(3,'video','scheduled','appointment_53','','','2025-07-21 09:00:00','2025-07-21 10:00:00',NULL,NULL,'','','{}',0,0,'private','2025-07-20 01:47:49.124765','2025-07-20 01:47:49.138797',53);
INSERT INTO mentalhealth_livesession VALUES(4,'video','scheduled','appointment_54','','','2025-07-21 09:00:00','2025-07-21 10:00:00',NULL,NULL,'','','{}',0,0,'private','2025-07-20 05:49:49.580909','2025-07-20 05:49:49.596724',54);
INSERT INTO mentalhealth_livesession VALUES(5,'video','scheduled','appointment_55','','','2025-08-11 09:00:00','2025-08-11 10:00:00',NULL,NULL,'','','{}',0,0,'private','2025-08-08 12:08:04.255225','2025-08-08 12:08:04.272001',55);
INSERT INTO mentalhealth_livesession VALUES(6,'video','scheduled','appointment_59','','','2025-08-25 09:00:00','2025-08-25 10:00:00',NULL,NULL,'','','{}',0,0,'private','2025-08-20 06:01:54.456378','2025-08-20 06:01:54.482434',59);
CREATE TABLE IF NOT EXISTS "mentalhealth_sessionmessage" ("id" integer NOT NULL PRIMARY KEY , "message" text NOT NULL, "message_type" varchar(20) NOT NULL, "timestamp" datetime NOT NULL, "sender_id" bigint NOT NULL REFERENCES "custom_user" ("id") DEFERRABLE INITIALLY DEFERRED, "session_id" bigint NOT NULL REFERENCES "mentalhealth_livesession" ("id") DEFERRABLE INITIALLY DEFERRED);
INSERT INTO mentalhealth_sessionmessage VALUES(1,'Hello','text','2025-07-19 13:54:18.854909',23,1);
INSERT INTO mentalhealth_sessionmessage VALUES(2,'Hi','text','2025-07-19 13:54:22.460004',42,1);
INSERT INTO mentalhealth_sessionmessage VALUES(3,'Nigga','text','2025-07-19 13:56:35.393198',42,1);
INSERT INTO mentalhealth_sessionmessage VALUES(4,'Zamn Dawg','text','2025-07-19 13:56:39.198862',23,1);
INSERT INTO mentalhealth_sessionmessage VALUES(5,'Hello','text','2025-07-20 00:57:09.631166',42,2);
INSERT INTO mentalhealth_sessionmessage VALUES(6,'Hii','text','2025-07-20 00:57:14.437461',50,2);
INSERT INTO mentalhealth_sessionmessage VALUES(7,'Hii','text','2025-07-21 00:17:51.878297',50,4);
INSERT INTO mentalhealth_sessionmessage VALUES(8,'Nigga','text','2025-07-21 00:17:56.290128',42,4);
INSERT INTO mentalhealth_sessionmessage VALUES(9,'Nyeta ka','text','2025-07-21 00:56:32.602442',42,4);
INSERT INTO mentalhealth_sessionmessage VALUES(10,'Ina mo rin','text','2025-07-21 00:56:36.343648',50,4);
INSERT INTO mentalhealth_sessionmessage VALUES(11,'Hayop ka','text','2025-07-21 00:56:39.876592',50,4);
INSERT INTO mentalhealth_sessionmessage VALUES(12,'Mahilig aq sa bata','text','2025-07-21 00:56:52.023057',42,4);
INSERT INTO mentalhealth_sessionmessage VALUES(13,'Henlo','text','2025-07-21 04:53:59.304215',42,4);
INSERT INTO mentalhealth_sessionmessage VALUES(14,'Hu','text','2025-07-21 04:54:03.115767',50,4);
INSERT INTO mentalhealth_sessionmessage VALUES(15,'ADawd','text','2025-07-23 02:22:25.299324',50,4);
INSERT INTO mentalhealth_sessionmessage VALUES(16,'Okay','text','2025-07-23 02:22:30.605377',42,4);
INSERT INTO mentalhealth_sessionmessage VALUES(17,'Hi','text','2025-07-30 15:42:28.101429',42,4);
INSERT INTO mentalhealth_sessionmessage VALUES(18,'Eaer','text','2025-07-30 15:42:30.689790',50,4);
INSERT INTO mentalhealth_sessionmessage VALUES(19,'Hello','text','2025-08-20 06:03:32.563226',42,6);
CREATE TABLE IF NOT EXISTS "mentalhealth_sessionparticipant" ("id" integer NOT NULL PRIMARY KEY , "role" varchar(20) NOT NULL, "joined_at" datetime NOT NULL, "left_at" datetime NULL, "connection_quality" varchar(20) NOT NULL, "session_id" bigint NOT NULL REFERENCES "mentalhealth_livesession" ("id") DEFERRABLE INITIALLY DEFERRED, "user_id" bigint NOT NULL REFERENCES "custom_user" ("id") DEFERRABLE INITIALLY DEFERRED);
INSERT INTO mentalhealth_sessionparticipant VALUES(1,'student','2025-09-14 00:52:09.908070','2025-09-14 00:52:31.228822','',6,50);
INSERT INTO mentalhealth_sessionparticipant VALUES(2,'counselor','2025-09-14 00:52:16.724513','2025-09-14 00:52:27.430630','',6,42);
CREATE TABLE IF NOT EXISTS "mentalhealth_notification" ("id" integer NOT NULL PRIMARY KEY , "message" text NOT NULL, "type" varchar(20) NOT NULL, "url" varchar(255) NULL, "created_at" datetime NOT NULL, "read" bool NOT NULL, "dismissed" bool NOT NULL, "user_id" bigint NOT NULL REFERENCES "custom_user" ("id") DEFERRABLE INITIALLY DEFERRED, "priority" varchar(10) NOT NULL, "category" varchar(20) NOT NULL, "action_url" varchar(200) NULL, "action_text" varchar(50) NULL, "expires_at" datetime NULL, "metadata" text NOT NULL CHECK ((JSON_VALID("metadata") OR "metadata" IS NULL)));
INSERT INTO mentalhealth_notification VALUES(1,'Your appointment with Dr. Smith has been confirmed for tomorrow at 2:00 PM.','appointment','/appointments/1/','2025-07-19 00:03:21.537266',0,1,1,'normal','general',NULL,NULL,NULL,'{}');
INSERT INTO mentalhealth_notification VALUES(2,'New DASS-21 assessment results are available. Click to view your report.','report','/user-profile/','2025-07-18 22:03:21.557538',0,1,1,'normal','general',NULL,NULL,NULL,'{}');
INSERT INTO mentalhealth_notification VALUES(3,'Welcome to CalmConnect! Your account has been successfully created.','general','/','2025-07-18 20:03:21.569633',0,1,1,'normal','general',NULL,NULL,NULL,'{}');
INSERT INTO mentalhealth_notification VALUES(4,'Your appointment with Dr. Johnson has been rescheduled to next week.','appointment','/appointments/2/','2025-07-18 18:03:21.582634',0,1,1,'normal','general',NULL,NULL,NULL,'{}');
INSERT INTO mentalhealth_notification VALUES(5,'A new relaxation exercise is available. Try the new breathing technique!','general','/','2025-07-18 16:03:21.594632',0,1,1,'normal','general',NULL,NULL,NULL,'{}');
INSERT INTO mentalhealth_notification VALUES(6,'Your appointment with Ed Manalo on 2025-07-22 at 09:00 AM has been booked successfully.','appointment','/appointments/41/','2025-07-19 00:09:13.153517',0,1,50,'normal','general',NULL,NULL,NULL,'{}');
INSERT INTO mentalhealth_notification VALUES(7,'New appointment request from Clyde David on 2025-07-22 at 09:00 AM.','appointment','/appointments/41/','2025-07-19 00:09:13.173314',0,1,42,'normal','general',NULL,NULL,NULL,'{}');
INSERT INTO mentalhealth_notification VALUES(8,'Your appointment with Ed Manalo on 2025-07-21 at 09:00 AM has been booked successfully.','appointment','/appointments/42/','2025-07-19 00:15:20.938081',0,1,23,'normal','general',NULL,NULL,NULL,'{}');
INSERT INTO mentalhealth_notification VALUES(9,'New appointment request from F. Dave Pararuan on 2025-07-21 at 09:00 AM.','appointment','/appointments/42/','2025-07-19 00:15:20.956073',0,1,42,'normal','general',NULL,NULL,NULL,'{}');
INSERT INTO mentalhealth_notification VALUES(10,'Your session report with Ed Manalo has been completed.','report','/profile/','2025-07-19 00:16:10.230256',0,1,23,'normal','general',NULL,NULL,NULL,'{}');
INSERT INTO mentalhealth_notification VALUES(11,'Your appointment with Ed Manalo on 2025-07-22 at 09:00 AM has been booked successfully.','appointment','/appointments/43/','2025-07-19 02:50:11.275201',0,1,50,'normal','general',NULL,NULL,NULL,'{}');
INSERT INTO mentalhealth_notification VALUES(12,'New appointment request from Clyde David on 2025-07-22 at 09:00 AM.','appointment','/appointments/43/','2025-07-19 02:50:11.290211',0,1,42,'normal','general',NULL,NULL,NULL,'{}');
INSERT INTO mentalhealth_notification VALUES(13,'Your appointment with Ed Manalo on 2025-07-21 at 09:00 AM has been booked successfully.','appointment','/appointments/44/','2025-07-19 02:58:51.902152',0,1,50,'normal','general',NULL,NULL,NULL,'{}');
INSERT INTO mentalhealth_notification VALUES(14,'New appointment request from Clyde David on 2025-07-21 at 09:00 AM.','appointment','/appointments/44/','2025-07-19 02:58:51.919151',0,1,42,'normal','general',NULL,NULL,NULL,'{}');
INSERT INTO mentalhealth_notification VALUES(15,'Your session report with Ed Manalo has been completed.','report','/profile/','2025-07-19 02:59:24.598024',0,1,50,'normal','general',NULL,NULL,NULL,'{}');
INSERT INTO mentalhealth_notification VALUES(16,'Your appointment with Ed Manalo on 2025-07-21 at 09:00 AM has been booked successfully.','appointment','/appointments/46/','2025-07-19 03:08:18.376512',0,1,50,'normal','general',NULL,NULL,NULL,'{}');
INSERT INTO mentalhealth_notification VALUES(17,'New appointment request from Clyde David on 2025-07-21 at 09:00 AM.','appointment','/appointments/46/','2025-07-19 03:08:18.395567',0,1,42,'normal','general',NULL,NULL,NULL,'{}');
INSERT INTO mentalhealth_notification VALUES(18,'Your session report with Ed Manalo has been completed.','report','/profile/','2025-07-19 03:08:55.569960',0,1,50,'normal','general',NULL,NULL,NULL,'{}');
INSERT INTO mentalhealth_notification VALUES(19,'Your session report with Ed Manalo has been completed.','report','/profile/','2025-07-19 03:08:57.990253',0,1,50,'normal','general',NULL,NULL,NULL,'{}');
INSERT INTO mentalhealth_notification VALUES(20,'Your appointment with Ed Manalo on 2025-07-21 at 09:00 AM has been booked successfully.','appointment','/appointments/47/','2025-07-19 03:16:13.863419',0,1,23,'normal','general',NULL,NULL,NULL,'{}');
INSERT INTO mentalhealth_notification VALUES(21,'New appointment request from F. Dave Pararuan on 2025-07-21 at 09:00 AM.','appointment','/appointments/47/','2025-07-19 03:16:13.882445',0,1,42,'normal','general',NULL,NULL,NULL,'{}');
INSERT INTO mentalhealth_notification VALUES(22,'Your session report with Ed Manalo has been completed.','report','/profile/','2025-07-19 03:16:52.077434',0,1,23,'normal','general',NULL,NULL,NULL,'{}');
INSERT INTO mentalhealth_notification VALUES(23,'Your appointment with Ed Manalo on 2025-07-21 at 09:00 AM has been booked successfully.','appointment','/appointments/48/','2025-07-19 03:35:45.085109',0,1,23,'normal','general',NULL,NULL,NULL,'{}');
INSERT INTO mentalhealth_notification VALUES(24,'New appointment request from F. Dave Pararuan on 2025-07-21 at 09:00 AM.','appointment','/appointments/48/','2025-07-19 03:35:45.104117',0,1,42,'normal','general',NULL,NULL,NULL,'{}');
INSERT INTO mentalhealth_notification VALUES(25,'Your session report with Ed Manalo has been completed.','report','/profile/','2025-07-19 03:36:18.308558',0,1,23,'normal','general',NULL,NULL,NULL,'{}');
INSERT INTO mentalhealth_notification VALUES(26,'Your appointment with Juan Luna on 2025-07-25 at 09:00 AM has been booked successfully.','appointment','/appointments/49/','2025-07-19 03:45:52.027827',0,1,23,'normal','general',NULL,NULL,NULL,'{}');
INSERT INTO mentalhealth_notification VALUES(27,'New appointment request from F. Dave Pararuan on 2025-07-25 at 09:00 AM.','appointment','/appointments/49/','2025-07-19 03:45:52.046922',0,0,53,'normal','general',NULL,NULL,NULL,'{}');
INSERT INTO mentalhealth_notification VALUES(28,'Your session report with Juan Luna has been completed.','report','/profile/','2025-07-19 03:46:36.004723',0,1,23,'normal','general',NULL,NULL,NULL,'{}');
INSERT INTO mentalhealth_notification VALUES(29,'Your appointment with Ed Manalo on 2025-07-21 at 09:00 AM has been booked successfully.','appointment','/appointments/50/','2025-07-19 06:15:20.076948',0,1,54,'normal','general',NULL,NULL,NULL,'{}');
INSERT INTO mentalhealth_notification VALUES(30,'New appointment request from Justine Arvie P. Alcaraz on 2025-07-21 at 09:00 AM.','appointment','/appointments/50/','2025-07-19 06:15:20.097934',0,1,42,'normal','general',NULL,NULL,NULL,'{}');
INSERT INTO mentalhealth_notification VALUES(31,'Your session report with Ed Manalo has been completed.','report','/profile/','2025-07-19 06:16:04.887895',0,1,54,'normal','general',NULL,NULL,NULL,'{}');
INSERT INTO mentalhealth_notification VALUES(32,'Your appointment with Ed Manalo on 2025-07-22 at 09:00 AM has been booked successfully.','appointment','/appointments/51/','2025-07-19 11:34:55.223629',0,1,23,'normal','general',NULL,NULL,NULL,'{}');
INSERT INTO mentalhealth_notification VALUES(33,'New appointment request from F. Dave Pararuan on 2025-07-22 at 09:00 AM.','appointment','/appointments/51/','2025-07-19 11:34:55.240623',0,1,42,'normal','general',NULL,NULL,NULL,'{}');
INSERT INTO mentalhealth_notification VALUES(34,'Your appointment with Ed Manalo on 2025-07-22 at 09:00 AM has been booked successfully.','appointment','/appointments/52/','2025-07-20 00:54:48.355387',0,1,50,'normal','general',NULL,NULL,NULL,'{}');
INSERT INTO mentalhealth_notification VALUES(35,'New appointment request from Clyde David on 2025-07-22 at 09:00 AM.','appointment','/appointments/52/','2025-07-20 00:54:48.372403',0,1,42,'normal','general',NULL,NULL,NULL,'{}');
INSERT INTO mentalhealth_notification VALUES(36,'Your session report with Ed Manalo has been completed.','report','/profile/','2025-07-20 00:57:36.932868',0,1,50,'normal','general',NULL,NULL,NULL,'{}');
INSERT INTO mentalhealth_notification VALUES(37,'Your appointment with Ed Manalo on 2025-07-21 at 09:00 AM has been booked successfully.','appointment','/appointments/53/','2025-07-20 01:47:49.093785',0,1,50,'normal','general',NULL,NULL,NULL,'{}');
INSERT INTO mentalhealth_notification VALUES(38,'New appointment request from Clyde David on 2025-07-21 at 09:00 AM.','appointment','/appointments/53/','2025-07-20 01:47:49.109777',0,0,42,'normal','general',NULL,NULL,NULL,'{}');
INSERT INTO mentalhealth_notification VALUES(39,'Your appointment with Ed Manalo on 2025-07-21 at 09:00 AM has been booked successfully.','appointment','/appointments/54/','2025-07-20 05:49:49.542189',0,0,50,'normal','general',NULL,NULL,NULL,'{}');
INSERT INTO mentalhealth_notification VALUES(40,'New appointment request from Clyde David on 2025-07-21 at 09:00 AM.','appointment','/appointments/54/','2025-07-20 05:49:49.557986',0,0,42,'normal','general',NULL,NULL,NULL,'{}');
INSERT INTO mentalhealth_notification VALUES(41,'Your appointment with Ed Manalo on 2025-08-11 at 09:00 AM has been booked successfully.','appointment','/appointments/55/','2025-08-08 12:08:04.218522',0,0,50,'normal','general',NULL,NULL,NULL,'{}');
INSERT INTO mentalhealth_notification VALUES(42,'New appointment request from Clyde David on 2025-08-11 at 09:00 AM.','appointment','/appointments/55/','2025-08-08 12:08:04.236587',0,0,42,'normal','general',NULL,NULL,NULL,'{}');
INSERT INTO mentalhealth_notification VALUES(43,'System Test Notification - This is a test notification for system validation','general',NULL,'2025-08-10 02:56:39.888349',0,0,56,'normal','general',NULL,NULL,NULL,'{}');
INSERT INTO mentalhealth_notification VALUES(44,'Your appointment with Ed Manalo on 2025-08-20 at 01:00 PM has been booked successfully.','appointment','/appointments/58/','2025-08-20 05:42:13.966977',0,0,50,'normal','general',NULL,NULL,NULL,'{}');
INSERT INTO mentalhealth_notification VALUES(45,'New appointment request from Clyde David on 2025-08-20 at 01:00 PM.','appointment','/appointments/58/','2025-08-20 05:42:13.988894',0,0,42,'normal','general',NULL,NULL,NULL,'{}');
INSERT INTO mentalhealth_notification VALUES(46,'Your appointment with Ed Manalo on 2025-08-25 at 09:00 AM has been booked successfully.','appointment','/appointments/59/','2025-08-20 06:01:54.406591',0,0,50,'normal','general',NULL,NULL,NULL,'{}');
INSERT INTO mentalhealth_notification VALUES(47,'New appointment request from Clyde David on 2025-08-25 at 09:00 AM.','appointment','/appointments/59/','2025-08-20 06:01:54.430530',0,0,42,'normal','general',NULL,NULL,NULL,'{}');
INSERT INTO sqlite_sequence VALUES('django_migrations',58);
INSERT INTO sqlite_sequence VALUES('django_content_type',16);
INSERT INTO sqlite_sequence VALUES('auth_permission',64);
INSERT INTO sqlite_sequence VALUES('auth_group',0);
INSERT INTO sqlite_sequence VALUES('mentalhealth_dassresult',98);
INSERT INTO sqlite_sequence VALUES('django_admin_log',0);
INSERT INTO sqlite_sequence VALUES('custom_user',57);
INSERT INTO sqlite_sequence VALUES('mentalhealth_counselor',27);
INSERT INTO sqlite_sequence VALUES('mentalhealth_report',36);
INSERT INTO sqlite_sequence VALUES('mentalhealth_feedback',7);
INSERT INTO sqlite_sequence VALUES('mentalhealth_appointment',59);
INSERT INTO sqlite_sequence VALUES('mentalhealth_livesession',6);
INSERT INTO sqlite_sequence VALUES('mentalhealth_sessionmessage',19);
INSERT INTO sqlite_sequence VALUES('mentalhealth_notification',47);
INSERT INTO sqlite_sequence VALUES('mentalhealth_sessionparticipant',2);
CREATE UNIQUE INDEX "django_content_type_app_label_model_76bd3d3b_uniq" ON "django_content_type" ("app_label", "model");
CREATE UNIQUE INDEX "auth_group_permissions_group_id_permission_id_0cd325b0_uniq" ON "auth_group_permissions" ("group_id", "permission_id");
CREATE INDEX "auth_group_permissions_group_id_b120cbf9" ON "auth_group_permissions" ("group_id");
CREATE INDEX "auth_group_permissions_permission_id_84c5c92e" ON "auth_group_permissions" ("permission_id");
CREATE UNIQUE INDEX "auth_permission_content_type_id_codename_01ab375a_uniq" ON "auth_permission" ("content_type_id", "codename");
CREATE INDEX "auth_permission_content_type_id_2f476e4b" ON "auth_permission" ("content_type_id");
CREATE UNIQUE INDEX "custom_user_groups_customuser_id_group_id_ea14f886_uniq" ON "custom_user_groups" ("customuser_id", "group_id");
CREATE INDEX "custom_user_groups_customuser_id_8e3d0338" ON "custom_user_groups" ("customuser_id");
CREATE INDEX "custom_user_groups_group_id_02874f21" ON "custom_user_groups" ("group_id");
CREATE UNIQUE INDEX "custom_user_user_permissions_customuser_id_permission_id_f9232336_uniq" ON "custom_user_user_permissions" ("customuser_id", "permission_id");
CREATE INDEX "custom_user_user_permissions_customuser_id_ec2da4cb" ON "custom_user_user_permissions" ("customuser_id");
CREATE INDEX "custom_user_user_permissions_permission_id_f82b5e3f" ON "custom_user_user_permissions" ("permission_id");
CREATE INDEX "mentalhealth_relaxationlog_user_id_67408ce8" ON "mentalhealth_relaxationlog" ("user_id");
CREATE INDEX "django_session_expire_date_a5c62663" ON "django_session" ("expire_date");
CREATE INDEX "mentalhealth_dassresult_user_id_894d8140" ON "mentalhealth_dassresult" ("user_id");
CREATE INDEX "django_admin_log_content_type_id_c4bce8eb" ON "django_admin_log" ("content_type_id");
CREATE INDEX "django_admin_log_user_id_c564eba6" ON "django_admin_log" ("user_id");
CREATE INDEX "mentalhealth_report_counselor_id_afeeb10e" ON "mentalhealth_report" ("counselor_id");
CREATE INDEX "mentalhealth_report_user_id_3b752968" ON "mentalhealth_report" ("user_id");
CREATE INDEX "mentalhealth_report_appointment_id_680e9f34" ON "mentalhealth_report" ("appointment_id");
CREATE UNIQUE INDEX "mentalhealth_feedback_appointment_id_user_id_8815198c_uniq" ON "mentalhealth_feedback" ("appointment_id", "user_id");
CREATE INDEX "mentalhealth_feedback_appointment_id_88ddd43a" ON "mentalhealth_feedback" ("appointment_id");
CREATE INDEX "mentalhealth_feedback_counselor_id_68ca5b30" ON "mentalhealth_feedback" ("counselor_id");
CREATE INDEX "mentalhealth_feedback_user_id_f4f53b9f" ON "mentalhealth_feedback" ("user_id");
CREATE INDEX "mentalhealth_appointment_user_id_411474ed" ON "mentalhealth_appointment" ("user_id");
CREATE INDEX "mentalhealth_appointment_counselor_id_611341d2" ON "mentalhealth_appointment" ("counselor_id");
CREATE INDEX "mentalhealth_appointment_dass_result_id_0904d2af" ON "mentalhealth_appointment" ("dass_result_id");
CREATE INDEX "mentalhealth_sessionmessage_sender_id_fd2ed8d8" ON "mentalhealth_sessionmessage" ("sender_id");
CREATE INDEX "mentalhealth_sessionmessage_session_id_26d36977" ON "mentalhealth_sessionmessage" ("session_id");
CREATE UNIQUE INDEX "mentalhealth_sessionparticipant_session_id_user_id_f00c865c_uniq" ON "mentalhealth_sessionparticipant" ("session_id", "user_id");
CREATE INDEX "mentalhealth_sessionparticipant_session_id_d581f83b" ON "mentalhealth_sessionparticipant" ("session_id");
CREATE INDEX "mentalhealth_sessionparticipant_user_id_f021e1d7" ON "mentalhealth_sessionparticipant" ("user_id");
CREATE INDEX "mentalhealth_notification_user_id_22db40c4" ON "mentalhealth_notification" ("user_id");